-- phpMyAdmin SQL Dump
-- version 5.2.1
-- https://www.phpmyadmin.net/
--
-- Máy chủ: 127.0.0.1
-- Thời gian đã tạo: Th6 02, 2024 lúc 10:12 AM
-- Phiên bản máy phục vụ: 10.4.32-MariaDB
-- Phiên bản PHP: 8.0.30

SET SQL_MODE = "NO_AUTO_VALUE_ON_ZERO";
START TRANSACTION;
SET time_zone = "+00:00";


/*!40101 SET @OLD_CHARACTER_SET_CLIENT=@@CHARACTER_SET_CLIENT */;
/*!40101 SET @OLD_CHARACTER_SET_RESULTS=@@CHARACTER_SET_RESULTS */;
/*!40101 SET @OLD_COLLATION_CONNECTION=@@COLLATION_CONNECTION */;
/*!40101 SET NAMES utf8mb4 */;

--
-- Cơ sở dữ liệu: `db_quanlykho`
--

-- --------------------------------------------------------

--
-- Cấu trúc bảng cho bảng `account`
--

CREATE TABLE `account` (
  `id` varchar(30) NOT NULL,
  `accountCode` varchar(100) NOT NULL,
  `accountUserName` text DEFAULT NULL,
  `accountPassword` text DEFAULT NULL,
  `accountEmail` text DEFAULT NULL,
  `accountPermission` varchar(100) DEFAULT NULL,
  `accountStatus` varchar(100) DEFAULT NULL,
  `accountDateCreated` text DEFAULT NULL,
  `accountDateUpdate` text DEFAULT NULL
) ENGINE=InnoDB DEFAULT CHARSET=utf8mb4 COLLATE=utf8mb4_general_ci;

--
-- Đang đổ dữ liệu cho bảng `account`
--

INSERT INTO `account` (`id`, `accountCode`, `accountUserName`, `accountPassword`, `accountEmail`, `accountPermission`, `accountStatus`, `accountDateCreated`, `accountDateUpdate`) VALUES
('064f2211-72', 'MTV-83801824-9a', 'thanhvienwh', '$2a$10$3kSHOCipe0.4rXMeWxZ18.1qlgqMKS1R0tK78Fy6ZXr4zIunSqACq', 'kho@gmail.com', 'Thành viên kho', 'Đang sử dụng', '18/04/2024 - 1:31 PM', '18/04/2024 - 1:31 PM'),
('07be9987-b1', 'MTV-cb957992-c1', 'thanhvienkit', '$2a$10$DATonZAleIA8lEXeACZ0xuyabxRbEiEqhu4Z6MVT9CoiAbvmKGxli', 'sad@gmail.com', 'Thành viên', 'Đang sử dụng', '18/04/2024 - 1:31 PM', '18/04/2024 - 1:31 PM'),
('193ceaa2-86', 'MTV-bf13699c-90', 'truongphongacc', '$2a$10$/ldohmlR3C0QN0qE1H8mKecCKgwUJq3gUcarpnbxxnSKbA7TPeKVO', 'argt6@gmail.com', 'Trưởng phòng', 'Đang sử dụng', '18/04/2024 - 1:31 PM', '18/04/2024 - 1:31 PM'),
('2a4a00de-c1', 'MTV-80619ad9-77', 'levand', '$2a$10$MJ9YYiE7X0H.ByVkbUk55ubLMdrDaOwL8BfBmj9mDN0N1OygTtuue', 'levanD@gmail.com', 'Thành viên', 'Đang sử dụng', '14/04/2024 - 8:59 PM', '14/04/2024 - 8:59 PM'),
('329ad526-8a', 'MTV-87e483c0-c7', 'thanhvienfb', '$2a$10$TzSyibjj/4s3tyUsB26yzOf2biv2ZH4P/p3koC0KGGGFT674fOQf2', 'asd@gmail.com', 'Thành viên', 'Đang sử dụng', '18/04/2024 - 1:31 PM', '18/04/2024 - 1:31 PM'),
('37c7ee78-9e', 'MTV-2232dfd4-9f', 'quynhnhu', '$2a$10$a/vQpzQnU9C7m1m9eLqxm.KAhjSCjM7DxWwM/4qa1a3N3laVr0EAS', 'nhoksky100@gmail.com', 'Thành viên thu mua', 'Đang sử dụng', '09/04/2024 - 3:53 PM', '09/04/2024 - 3:53 PM'),
('41fcfa3e-99', 'MTV-6c26bf6c-75', 'truongphongkit', '$2a$10$GlJy/4Xsh2MuYbxO9L6MD.PiSd8J0aO6ZhKmLm0CVa68WBeJtSkLe', 'sds3443@gmail.com', 'Trưởng phòng', 'Đang sử dụng', '18/04/2024 - 1:30 PM', '18/04/2024 - 1:30 PM'),
('6103dacc-27', 'MTV-be2008ac-ff', 'nhok', '$2a$10$AVChWrefGM19lRjUczN2oOCPqkPWPFra4EwKIGP88fkJHAU05mABO', 'aada', 'Lãnh đạo', 'Đang sử dụng', '09/04/2024 - 11:03 PM', '09/04/2024 - 11:03 PM'),
('6c01671b-86', 'MTV-802ea7bc-9a', 'taikhoantp03', '$2a$10$F9uCynJRsCEWmWq0BHDuTu806aB0An/22faUYXQY3x8VbByDtR1tC', 'sdttere@gmail.com', 'Trưởng phòng', 'Đang sử dụng', '14/04/2024 - 1:38 PM', '14/04/2024 - 1:38 PM'),
('7655dadb-e9', 'MTV-f0fc9b3e-51', 'thanhvienpur', '$2a$10$44O/tJlrtfNxX0SkRspRaOnh9nqupo/a2TrvSLSXvCbLgNAQKX8sK', 'es@gmail.com', 'Thành viên thu mua', 'Đang sử dụng', '18/04/2024 - 1:30 PM', '18/04/2024 - 1:30 PM'),
('7ebe3b42-38', 'MTV-b7fec4cc-2a', 'truongphongfb', '$2a$10$4ijsA9osNqvFXmuRu5JQpuyIS/y4hDOMTUw/7EVrOVsqDML2YfY7y', 'sada@gmail.com', 'Trưởng phòng', 'Đang sử dụng', '18/04/2024 - 1:30 PM', '18/04/2024 - 1:30 PM'),
('860caedd-d0', 'MTV-b87bbfc8-03', 'levanti', '$2a$10$8VEAeVVeruslcq3GrBhhwulY9vvmAjFAGP4tIodQ0DBYYUCIj9jFG', 'nhoksky100@gmail.com', 'Thành viên kho', 'Đang khóa', '08/04/2024 - 10:07 AM', '23/04/2024 - 7:13 PM'),
('90420495-c9', 'MTV-3643855c-88', 'tatca', '$2a$10$dKIpuSjY8cPxrfaVU/LpHeXE3TtUCTzaC2.8PO2/zHehsyHbycdZO', 'nhoksky99@gmail.com', 'Admin', 'Đang sử dụng', '07/04/2024 - 2:53 PM', '07/04/2024 - 2:53 PM'),
('93a72698-fa', 'MTV-19f8cbcc-da', 'tutran', '$2a$10$068rC37QceP9md5meIV5UObwEfHfdM5b2F3l08PFG0Fi/LVoJPfy.', 'tutran@gmail.com', 'Trưởng phòng', 'Đang sử dụng', '14/04/2024 - 8:59 PM', '14/04/2024 - 8:59 PM'),
('d39eb8a0-10', 'MTV-f63013f7-41', 'taikhoantp2', '$2a$10$8XivmTUenebsJfp6rWnUoOpVc3.D54fQZqNCa6Owb.pawWX1inKVy', 'sdsd12@gmail.com', 'Trưởng phòng', 'Đang sử dụng', '14/04/2024 - 1:21 PM', '14/04/2024 - 1:21 PM'),
('d5ddc1b3-90', 'MTV-f3d794a6-d4', 'nhoksky', '$2a$10$yx9vlUqJUJD3NAKjqPXDjOwiYINGtC57hVRlNJfsWlGEkbJ1RsH06', 'nhoksky11@gmail.com', 'Trưởng phòng', 'Đang sử dụng', '08/04/2024 - 10:16 AM', '08/04/2024 - 10:16 AM'),
('d78cc447-10', 'MTV-80df5812-19', 'daothib', '$2a$10$C8Mr58xbpMf/aAoZe5IDYOYqE29BOJqzZFZvAQQ8i1g0Pumk4RkaK', 'daothib@gmail.com', 'Thành viên', 'Đang sử dụng', '09/04/2024 - 11:02 PM', '09/04/2024 - 11:02 PM'),
('ec65b4e0-1b', 'MTV-77f9419d-25', 'levana', '$2a$10$VRx.WyfL2DenYlS4LUWzgOKnmskgouuyVY0S7/.YrZxjz9TNx07s2', 'nhok@gmail.com', 'Trưởng phòng kế toán', 'Đang khóa', '09/04/2024 - 11:06 PM', '09/04/2024 - 11:06 PM');

-- --------------------------------------------------------

--
-- Cấu trúc bảng cho bảng `createwarehouse`
--

CREATE TABLE `createwarehouse` (
  `id` varchar(30) NOT NULL,
  `warehouseCode` text NOT NULL,
  `warehouseName` text DEFAULT NULL,
  `warehouseStatus` text DEFAULT NULL,
  `warehouseDateCreated` text DEFAULT NULL,
  `warehouseDateUpdate` text DEFAULT NULL
) ENGINE=InnoDB DEFAULT CHARSET=utf8mb4 COLLATE=utf8mb4_general_ci;

--
-- Đang đổ dữ liệu cho bảng `createwarehouse`
--

INSERT INTO `createwarehouse` (`id`, `warehouseCode`, `warehouseName`, `warehouseStatus`, `warehouseDateCreated`, `warehouseDateUpdate`) VALUES
('241bb8de-cd', 'MK-271f5589-7b', 'kho 1', 'Đang sử dụng', '18/04/2024 - 2:05 PM', NULL),
('ed0ceb63-7a', 'MK-f6356df1-e3', 'kho 2', 'Đang sử dụng', '18/04/2024 - 2:11 PM', NULL),
('7b1d2c83-0e', 'MK-7bf3b067-55', 'kho 3', 'Đang sử dụng', '18/04/2024 - 2:11 PM', NULL),
('b5176637-ae', 'MK-77a327a5-ee', 'kho 4', 'Đang sử dụng', '18/04/2024 - 2:11 PM', NULL),
('7c6b649c-b6', 'MK-ac2e2d3d-e6', 'kho 5', 'Đang sử dụng', '18/04/2024 - 2:12 PM', NULL),
('567b2a2f-8c', 'MK-5dc15374-7c', 'kho 6', 'Đang sử dụng', '18/04/2024 - 2:16 PM', NULL);

-- --------------------------------------------------------

--
-- Cấu trúc bảng cho bảng `document`
--

CREATE TABLE `document` (
  `id` varchar(30) NOT NULL,
  `documentCode` text NOT NULL,
  `documentImage` text DEFAULT NULL,
  `documentDateCreated` text DEFAULT NULL
) ENGINE=InnoDB DEFAULT CHARSET=utf8mb4 COLLATE=utf8mb4_general_ci;

--
-- Đang đổ dữ liệu cho bảng `document`
--

INSERT INTO `document` (`id`, `documentCode`, `documentImage`, `documentDateCreated`) VALUES
('073fa586-d3', 'gggtr44fdsdsdd', 'data:image/jpeg;base64,/9j/4AAQSkZJRgABAQEAYABgAAD/2wBDAAIBAQIBAQICAgICAgICAwUDAwMDAwYEBAMFBwYHBwcGBwcICQsJCAgKCAcHCg0KCgsMDAwMBwkODw0MDgsMDAz/2wBDAQICAgMDAwYDAwYMCAcIDAwMDAwMDAwMDAwMDAwMDAwMDAwMDAwMDAwMDAwMDAwMDAwMDAwMDAwMDAwMDAwMDAz/wAARCAC2Ay4DASIAAhEBAxEB/8QAHwAAAQUBAQEBAQEAAAAAAAAAAAECAwQFBgcICQoL/8QAtRAAAgEDAwIEAwUFBAQAAAF9AQIDAAQRBRIhMUEGE1FhByJxFDKBkaEII0KxwRVS0fAkM2JyggkKFhcYGRolJicoKSo0NTY3ODk6Q0RFRkdISUpTVFVWV1hZWmNkZWZnaGlqc3R1dnd4eXqDhIWGh4iJipKTlJWWl5iZmqKjpKWmp6ipqrKztLW2t7i5usLDxMXGx8jJytLT1NXW19jZ2uHi4+Tl5ufo6erx8vP09fb3+Pn6/8QAHwEAAwEBAQEBAQEBAQAAAAAAAAECAwQFBgcICQoL/8QAtREAAgECBAQDBAcFBAQAAQJ3AAECAxEEBSExBhJBUQdhcRMiMoEIFEKRobHBCSMzUvAVYnLRChYkNOEl8RcYGRomJygpKjU2Nzg5OkNERUZHSElKU1RVVldYWVpjZGVmZ2hpanN0dXZ3eHl6goOEhYaHiImKkpOUlZaXmJmaoqOkpaanqKmqsrO0tba3uLm6wsPExcbHyMnK0tPU1dbX2Nna4uPk5ebn6Onq8vP09fb3+Pn6/9oADAMBAAIRAxEAPwD9/KKKKACiiigAooooAKKKKACiiigAooooAKKKKACiiigAooooAKKKKACiiigAooooAKKKKACiiigAooooAKKKKACiiigAooooAKKKKACiiigAooooAKKKKACiiigAooooAKKKKACiiigAooooAKKKKACiiigAooooAKKKKACiiigAooooAKKKKACiiigAooooAKKKKACiiigAooooAKKKKACiiigAooooAKKKKACiiigAooooAKKKKACiiigAooooAKKKKACiiigAooooASiqX9nXX/P8f+/K0f2ddf8AP8f+/K0wLtFUv7Ouv+f4/wDflaP7Pux/y/H/AL8rSAu0VS+wXf8Az/N/36Wj7Bd/8/zf9+loAu0VS+wXf/P83/fpaPsF3/z/ADf9+loAu0VS+wXf/P8AN/36Wj7Bd/8AP83/AH6WgC7RVL7Bd/8AP83/AH6Wj7Bd/wDP83/fpaALtFUvsF3/AM/zf9+lo+wXf/P83/fpaALtFUvsF3/z/N/36Wj7Bd/8/wA3/fpaALtFUvsF3/z/ADf9+lo+wXf/AD/N/wB+loAu0VS+wXf/AD/N/wB+lo+wXf8Az/N/36WgC7RVL7Bd/wDP83/fpaPsF3/z/N/36WgC7RWVi7Gp/Z/tjY8rzd3lL64xU40+8H/L83/flaAL1GapfYLv/n+b/v0tL9hu/wDn+P8A35WgC5mjNU/sN3/z/H/vytH2G7/5/j/35WgC5mjNU/sN3/z/AB/78rR9hu/+f4/9+VoAuZozVP7Dd/8AP9/5BWj7Bd/8/wAf+/QoAuZozVP7Bd/8/wAf+/Qo+wXf/P8AH/v0KALmaM1T+wXf/P8AH/v0KT7Bd/8AP8f+/S0AXc0Zql9gu/8An+P/AH5Wj7Bd/wDP8f8AvytAF3NGapfYLv8A5/j/AN+Vo+wXf/P8f+/K0AXc0ZNUvsF3/wA/x/78rR9gu/8An+b/AL9LQBdyaQ1T+wXf/P8AN/36WkOn3h/5fyP+2K0AXcfX8qMfX8qo/wBm3v8A0ET/AN+Vo/s69/6CB/78rQBoDpRVD7Be/wDP+f8AvytH2G9/5/z/AN+VoAv0VQ+w3v8Az/n/AL8rVfVYr2xsZJhfZMalsGFeaANekJxVAafeOP8Aj+x9IVpRp92v/L+3/flaAL26jdVL7Dd/8/7f9+Fo+w3f/P8At/34WgC7uo3VS+w3f/P+3/fhaPsN3/z/ALf9+FoAu7qN1UvsN3/z/t/34Wj7Dd/8/wC3/fhaALu6jdVL7Dd/8/7f9+Fo+w3f/P8At/34WgC7uo3VS+w3f/P+3/fhaPsN3/z/ALf9+FoAu7qN1UvsN3/z/t/34Wj7Dd/8/wC3/fhaALu6jdVL7Dd/8/7f9+Fo+w3f/P8At/34WgC7uo3VS+w3f/P+3/fhaPsN3/z/ALf9+FoAu7qN1UvsN3/z/t/34Wj7Dd/8/wC3/fhaAL1FUPsF3/z/ALf9+Vo+wXf/AD/t/wB+VoAv5pN1UfsF3/z/ALf9+Vpf7Pu/+f4/9+VoAvZoqj/Z92P+X8/9+Vo+wXn/AD/n/vytAF6iqDWF4B/x/n/vytV4Uu5NQlt/tx/dKrZ8le+aANeiqB0y7/5/z/35Wk/sy8/6CB/78rQBoUVn/wBmXn/QQP8A35Wj+zLz/oIH/vytAGhRWf8A2Zef9BA/9+Vo/s27H/L+f+/K0AaFFUDZXn/P+f8AvwtH9nXef+P9v+/K0AX6KoDTrsf8v7f9+VoNjd/8/wAf+/K0AX6Ko/Ybs/8AL+3/AH5Wj7Bef8/5/wC/K0AXqKo/YLz/AJ/z/wB+Vo+wXn/P+f8AvytAF6iqP2C8/wCf8/8AflaPsF5/z/n/AL8rQBeoqj9gvP8An/P/AH5Wj7Bef8/5/wC/K0AXqKo/YLz/AJ/z/wB+Vo+wXn/P+f8AvytAF6iqP2C8/wCf8/8AflaRtOvGP/H+f+/K0AX6KyNThvNPsXm+3n5MH/UL61Z+w3Z/5fj/AN+VoAvUUm6jdQAtFJuo3UALRSbqN1AC0Um6jdQAtFJuo3UALRSbqN1AC0Um6jdQAtFJuo3UALRSbqN1AC0Um6jdQAtFJuo3UAZ5BPiv/Z+yfrvrQQYFUGb/AIqU/wDXr/7NV8NxQAtJg+tG6jdQAYPrRg+tG6jdQAYPrRg+tG6jdQAYPrRg+tG6jdQAYPrRg+tG6jdQAYPrRg+tG6jdQAYPrRg+tG6jdQAYPrRg+tG6jdQAYPrRg+tG6jdQAYPrRg+tG6jdQAYPrRg+tG6jdQAtFJuo3UALVDxL/wAgK79ozV7dVHxK3/EgvP8Armf5UAXl6UtNVv5Uu6gBaKTdRuoAWik3UbqAFopN1Q6lqEeladcXMpxFbxtK59AoJP8AKgCbNLmvjr4f/FP9oP4/fByf4ueDta8MJpt9cTXOgeCJdIXOoWMUxjCzXjPvWeQIxBXCKSoweak8V/twal8Gf2z/ABrY+IrHxnqvh6y8G6XqkOgaLpf9oS6bM7StczNsHAVQAxLY+X5QaAPsGivCdL/aq0fx/wDtEfCvT9A8T30mjeP/AArqHiCxsotHWS11KKI2+JZLokPA6ecMRgHfls42V0H7Qf7YHhn9m/xb4Z0LWLHxLqer+L0ujpdro2mNfS3DW6qzptU5DEMMcY65IoA9Wor44/ai/b2t9d+Angrxl4E1bXNGSP4iaboXiCxksDHqVunmkXNlNbsrMshXHygZOVwea73XP29vC3iv4F/EzVdPbxT4S1TwFCIdSt9T0Qx6lprTKPJnW3dgJAQ25fmwcfhQB9FUV57c+O7P9nn9mz/hIvEOq614gsvDWjC+1DUZo0e+vVRNzyFF2rvPJ2jAHQV5hb/8FQ/ANxq9tpw0H4kDU9U08ano9mfDE/na9Bxva0X/AJabNw3Z2gdelAH0jRXzp8S/23PB3i/9kr/hMtKu7+3i1y9Gi2llPZ3C6kb8S+W1oLeEiXz1ZWG0ED5SSwXJrlfBn7V9jp/7I3xBvY/EGseHfEHgGQjUzdaLNLqulmQhonks7qRtxdW4AkZMdDxigD61orCvtW1Fvh017pMMGp6sbDzrOK5k+zR3UxTKB2AbYrNjJAOATgGvDv2OP2g/iB481z4wWfxKHhxNQ+H+rR2kdvoUb/ZoYzZpOVEkh3yEFiNxC5x90UAfR1FfEngT9r74ox+Dfhj8V9b1zQrzwV8TvE8WinwzFpaxSaTb3UskVtIlzu3vIpRCwYYO44xgUvxC/ax+K99o3xh+Iug694f03wj8I/Eb6NH4em0sTNrVvbmIXUklwW3xyMXbYE4GwZzk0AfbVFfLHxA+OHxG+L/x28ReGPh34j0rwhY+DfCVp4huJbvTEv5NTubsSvFCdxAjiVYvmI+bL8dK9d/Y9+Oc37Sn7Mvg3xzd20NleeItOW4uYISTHFMCUkC5527lbGe1AHpVFJuo3UAJniqVqv8AxPLn/rjH/wCzVc3fL/n0qnaN/wAT+6/64x/zagC9ijFG6jdQAYoxRuo3UAGKAMUbqN1ABj6flRRuo3UAAoo3UbqADH+cUUbqN1ABRRuo3UAFFG6jdQAUUbqN1ABRRuo3UAFGKN1G6gCj4hONJl78D+Yq8RmqPiJv+JTN9B/MVe3UxlT7VR9qrP8AtVH2qkI0PtVH2qs/7VR9qoA0PtVH2qs/7VR9qoA0PtVH2qs/7VR9qoA0PtVH2qs/7VR9qoA0PtVH2qs/7VR9qoA0PtVH2qs/7VR9qoA0PtVH2qs/7VR9qoA0PtVH2qs/7VR9qoA0PtVH2qs/7VR9qoA0PtVH2qs/7VR9qoADc58St/16/wDs1X1ueKwRdf8AFTH/AK9v/Zqv/aqAND7VR9qrP+1UfaqAND7VR9qrP+1UfaqAND7VR9qrP+1UfaqAND7VR9qrP+1UfaqAND7VR9qrP+1UfaqAND7VR9qrP+1UfaqAND7VR9qrP+1UfaqAND7VR9qrP+1UfaqAND7VR9qrP+1UfaqAND7VR9qrP+1UfaqAND7VR9qrP+1UfaqAND7VR9qrP+1UfaqAND7VVDxLc/8AEgvP+uZpPtVUvEdznQrr/rmaANxbr+VL9qrOW54pftVAGh9qo+1Vn/aqPtVAGh9qo+1Vn/aqPtVAGh9qqDVIU1bTbi1l/wBXcxNE/wDusCD/ADrEt/HWlXXim40OPUrKTWbS3S6nsVmU3EMLkhJGTOQrFWAJGDg+laX2qgD5Q+HPw6/aC/Z++D//AAqbwfonhSXTtOnlt9E8a3GrgfYLOSZpA01kYy7zIGK4DbWODkV2ulfALxdZ/tTfEvxNcpb3mleI/AdjoVlfNcIsl5exef5m6IcoPnU56fMR2r3k3OaPtFAHyJ+yl+yN8QfhX43/AGbr3W9M0+3tfh18OtS8P+IGi1BJTa30z2pjjjA/1qERSZYYA2j1rR/bi8RaxoP7eP7Otz4d0y21vW0i18wadNeizF2n2WPzFWQggMByMjHHJFfSuofEHRNI8W6doNzq2nW+t6vFLPY2Elwq3N5HFjzWjjJ3ME3LuIHGRmm69Z6G2s6dqep2+lf2hZO0On3dzHH50DSDDJE7cqXAwQp5xQB8dSfsRfEnWPDtz4gu9N0yDxR40+MumfEHV9Ji1JHh0Wyt1hhKLKQBLII4FYgD5mY4OK7D4+fsq+OfH2qftIy6ZpllPH8RtJ0m00AyXyJ9olt49su/P+rAPQnrX0f46+KOk/DrQry+1G6RFsbdrp4FYGdo1+8ypnLY56elaWgeJbfxJodnqNqX+zX0CXERkjMbFHUFcqcEHB6GgDiP2m/hzrPxK/Y/8XeEdHgjn13VvDsunWsMk4jR5mi2hS54Az3rz/Tv2ffF1t+0p8AvEb2Vp/ZHgPwZqWja1N9rXzLe6mis1jVE6uCYpMsDgYHrX0F9q4rL8QeP9H8K32m2up6pYafc6zcfZNPhuLhY3vZtpby4gTl22gnAycA0AfKlv+x/8RND8Babq1jYaTN4s8H/ABR1Pxlp2l3OoBLfVbK4klUIZlBEcpil3DI4YYPHNP8AiB+yx8S/jL4J+PPiTU9G0jR/FPxN0mw0fR9Ai1NZ0t4bTcQ89xgIZHZ3PGQAFGa+tNS1+10e1M95cwWsIIUyTSBEBJwBknGSasC7DqCDkHkGgB3heKTTPDOnW0w2y29rFFIAc4ZUAPP1FeN/s+/A/XfBvxY+O9/rcEVvpfj/AF2K70uWKdZGmgFjHC7FQcoQ4YYPoD3r2P7TR9qoA+NvAv7JPxQbwV8NfhRrWjaFbeC/hp4mi1r/AISWHVRLLqtvbSyS20a220NHIS6ByxwNhwTkU74gfsp/FW20X4u/DnRNG0HU/B/xb8RtrI8QT6oIZdGguGiNzE9vtLSOCjFCpx8wzjFfUmpfGDQtH+JWmeErq/8As+vazbS3VjbPG4F2kWDJsfG0lQQSM5AINdH9qpgfM/xE+CvxJ+EXx08ReKPh34f0jxdYeM/Clp4duYbzVVsJNMntRKkU53KRJGVl+ZR83yjHWvXv2PvgvN+zZ+zN4N8D3V1Fe3nh3T1t7m4iBEc0xJeQrnnbvZsZ7V3P2jml+1UgND7VR9qrP+1UfaqAL32r5f8APpVK0uv+J/df9cY/5tTPtXy/59Kp2tz/AMT65/65R/8As1AG99qo+1Vn/aqPtVAGh9qo+1Vn/aqPtVAGh9qo+1Vn/aqPtVAGh9qo+1Vn/aqPtVAGh9qo+1Vn/aqPtVAGh9qo+1Vn/aqPtVAGh9qo+1Vn/aqPtVAGh9qo+1Vn/aqPtVAGh9qo+1Vn/aqPtVAGh9qo+1Vn/aqPtVAGh9qo+1Vn/aqPtVAC+Irr/iUzfQfzFX/tVYHiK6/4lM30H8xV/wC1Uxmb9q96PtXvWf8AaaPtNIRofavej7V71n/aaPtNAGh9q96PtXvWf9po+00AaH2r3o+1e9Z/2mj7TQBofavej7V71n/aaPtNAGh9q96PtXvWf9po+00AaH2r3o+1e9Z/2mj7TQBofavej7V71n/aaPtNAGh9q96PtXvWf9ppPtVAGj9q96PtXvWf9po+00AaH2r3o+1e9Z/2mj7TQA4XX/FSH/r2/wDZqvfavesEXP8AxUh/69v/AGar32mgDQ+1e9H2r3rP+00faaAND7V70faves/7TR9poA0PtXvR9q96z/tNILrNAGj9q96PtXvWf9ppPtXPegDR+1e9H2r3rO+1fWj7X9aANH7V70faves/7TR9poA0PtXvR9q96z/tNH2mgDQ+1e9H2r3rP+00faaAND7V70faves/7TR9poA0PtXvR9q96z/tNH2mgDQ+1e9H2r3rP+00faaAND7V70faves/7TR9poA0PtXvVLxHdf8AEiuuf+WZpn2mqXiK4/4kd1/1zNAG4t1x1pftXvWctxxS/aaAND7V70faves/7TR9poA0PtXvR9q96z/tNH2mgD5M+N/xS1L4OftQ/HjxZo/2b+1fD3wvs721+0IXiMkctyy71BBK57ZH1FdR8S/2ifiJrXxf+D/g7wve6Bph+Inha91fUbu6tGka0khS1YPCNxGR5r4RgQcjJGOe/wDFv7L3hvxx458Y63qbXt1/wnHh5PDWpWhcCH7MvmcrxkOfMbnPpXJ/CP8AYU0n4VfFLwz4tl8Y+OPEupeEdMudI0yPV75JoLa1mEYMYVY16CNcHqcck0Aec+Mf2yPi43wk8Z/FbRZfBsHgjwtq9xpkGj3dpK+oXkEE32eS5a4D7Eff86xiMjAxnJrV+Amr/EKP/goTeaTrnj+bxBp1v4AsNQuIDZfZ4LlpJnUOsQfZHLuBJcLllIXAxV3xX+wbY698Z5rNW8Qp8MdfuH8Q61pMWueXYTaosqssf2bYX8qQgyOFkCkjBXmvU9Q/Zx0q6/aLsPiXa6lrOm6xa6WNHubW2mVbPUbZWZ0WVCpPyMxIKlffNAHkX7XcHiTUv+ChvwWj8JX2kaZ4gfw/ry295qds91BboUh3nylZCx4XA3Aetc/N+0zrvxM+CngWbxjovg7WfEukfFyHwreTvphktPNt55E+220buWhl4BUlm289a+ivFPwK0rxb8efCXxCuLm+TV/B9leWNpBGyi3lS6CiQuMZJGwYwR361yEH7Enhi30KHTl1DXPJh8bv48VjKhY3rSNKY/uf6nJwB1x3oA+ffiV+0x4o8dfGDxtrfhf4e6T4gg8GeJBpMVgPCF3qV7rbWrqssn2+Nglu4JfYmCMKN33uOw+JP7WHxmv8Axv8AHRfCd/4M0rSPhFDZX8dvqukTXFzeo9ktzLAWWZArHDAPg7SR8pxz6ZqP7EGip8Sta8Q6J4q8ceFIfFF8mp63pWjakLey1O5XaDKw2l0ZgihvLZd2Oa2pf2TPD0+pfFW7+26uJfi9BHBq/wC+XFsqWv2UeT8vynZzznnmmB0Gp+PNT+Jn7KsniDSrhNC1LWPDn9owymPzltWeDzOBlc9SAc8cHtXxN4X1Txx4l/Zm/ZJ1GTxDDq/ibVPEyzafe6tDJMYAbS4A89t++dhhjuypPA4r7v8ACfgCx8I/DKx8KRNNcaZYacmmKZiDJJEsfl/MQBzt9BXkvw8/YL8N/Dvw94I0qHxB4rvtO+HmtvrOhQ3lzHJ9jBiaMW2QgJhUOxAPzZPU0gPJ/iZ+0/4x1D9nr4u6H4507wR4q1z4ceMNJ0gztpT/ANm6lFPNaypIbZ5GKyIJOPnIDKG9q+kf2uf2gbr9nT9nLWfFen2cN7qdssNvY28pKwmeaRIo95H8AZwTjsK84+On7GttrXgr4jHQ4dQ1jVPiNr+ma1fWs2opZxxtavbr+6k8ttqhIdxUgljkZGa9f+Lfwq0X43/DHU/CniK2a40rVrfyJljcpIh4KujDlWVgCD2IFAHhKftB/GH4WfHgeDfGGs+C9bV/AGpeKEuNL0ia0K3duyKqMHmf92Cx4zlh1xirnw2/bC8Y+Kfhn+zRq17/AGSbz4rso17yrVlTmzkn/cAufL+dR1LcZHvWX4O/Y81vwN+2No+q3er+KPGvhZ/BF9od7qWu30c0kTyTRbLdVULgGMOSwXk9Tmug+GP/AATv8OfDDXvBlzB4r8c6hY/D6ZpNA0u+1BJbLT42jaPyVXYCVCtgFiWGBzigDzHW/wBsjxF4e+Pmh+J5Y/CfibTbrxUPBiT6d4cuwtnayzGPCarJiN5VcAvGqbScgHjNTeM/20fjKsHxr8R6Re+CYfDfwc8XnSXsbnSpnu9VtRHbOyiUShUbE3D7Tk9V4zXoJ/4Js+FIruwig8U+OINB0nxCviXT9CGoIdPsroTecdqFNxQuW+VmONxxiukuv2I/C83gv4p6H9v1pbX4uay2t6u4lQvbzNHDGVh+XCrtgTgg8k880wOZ8dftKfEzx/8AGrxToHw+vPCuiaV8O/D9rq2rPrFjLeTanPcxSSpBHskQRKqIMud2S3TivT/2JvjTq/x9/ZS8DeM9e+yDWfEWmJeXYtIzFCJCSDsUliBx6mvDP2tv2eNfu/iO+r+CvD/jaTUNT8PLot1faB4itdPh1EJvWOO9jmXOxQxIkj+bDMMdK9s/Y++E17+z9+zF4I8GalNbz6h4e0qK0uXt8mIyDJbaTyQCSBSA9Z+1e9H2r3rP+00faaAL32r5ev8AnFU7W6/4ntzz/wAso/8A2ao/tPy/59Kp2tz/AMT25/65R/8As1AG99q96PtXvWf9po+00AaH2r3o+1e9Z/2mj7TQBofavej7V71n/aaPtNAGh9q96PtXvWf9po+00AaH2r3o+1e9Z/2mj7TQBofavej7V71n/aaPtNAGh9q96PtXvWf9po+00AaH2r3o+1e9Z/2mj7TQBofavej7V71n/aaPtNAGh9q96PtXvWf9po+00AaH2r3o+1e9Z/2mj7TQA7xDdZ0uXnsP5ir32r3rB8QXP/Erl+g/mKvfaaYzP+00faaz/tNH2mkI0PtNH2ms/wC00faaAND7TXhfxH/bwsfAnxn17wRZeB/HHinUvDNnb3+oy6NaRTx28MwLK2DIrE4DcAE8V7J9pr41sv2jfA3wF/4KW/GWbxl4p0Pw8Lvw5of2Zb66SN7ghZfljU8sxJAAAyT0oA+tvhX8ZNA+NHw+0/xR4d1CO+0bUovMimwUK4OGV1OCrKwKsp5BBFdCl+kkW9XVkxncDkfnX5zafpt94f8A2bfB134qttU8N/DTxh8R9Q1rXoZC9r9n0ud5HtvtO3DRwySBGYHHDjdjJp2r+P8ASPAvw++P0vgqO7134RRyaVBp6Wep3EOn211K2y7MNxEd62yAo0nlnHDDjkUAfonDrUFxCZEmjeMdWVgQPqaZd6/Fb2dxIrpKbeIysqsOgGa/MTSvFen+HdE/aM0nw94h8MajoKfDNdSUeGjLFpkU2JQZEDyP82MbnVhnAzyK9X8B+BNF+D37Q/wYOgC4sJfGHgPUZNWzeSSHVGjt4HR5A7Hcyljg9s4oA+q/2Yf2irX9pj4JaB4ztrGfSE1+KSaOxuZFaaILK8fO312Z/Gt74p/Gfw58FfDkWreKNWt9I0+e7gsY5pQxDzzOI40AUE5ZmA6YGecCvzr/AGZfBWi+Ef2dP2Y/HWlb7bxNrfi8addX6Xcmbq3ka8DwY3bSmEB2gY4JxX0L/wAFbND0rUP2X7bVNVtbSWHRvEWmTTXU8YK2ds11Gs7FiPlTyyQx6Y60Ae36B+0bZ63+0P4g8AfY2ik0HSLTV21Bp18mdLh3VUUdcjYeenNegf2pGrhDKm8jIXcMkfSvhTVvhd4C+OP7XvxBgktLLVPDll8NdNutKS1uGW2EZM/lSp5ZAIAA2nt2rlPgl8Z7HwTr37LPi/xp4iXTtFuPAuo2DatqV3tgmuS0QiR5GODIVX5cnJwcUAfoxBqKXKZjdXGcZU55pi6xA7ACaIkkqAHHJHUV82/8E0vE0Hif4HeI7+1uftdrd+NNakilyTvQ3bY689K+U/H3gTRLz9l74peOJJbq38UaZ8VpbKz1WK/ljls1fVIIGjjIYBNyuykDuR3oA/T9NTjmjYo6OE4bDZ2/lXm/wk+OuofEDxxrOmXllHbW9kHa0lW2uYzdqJCpIMiBSBj1BJPAxzXzPrHhS4+Bfx7+Leh/C2G4sLu5+GI1a0sIJnkWbUfMmRJwrk/vD0z3Irlfgdq3gu0+J/wKPwo1W4vvFd8sg8eJFdyzyyW/2RjM+oq5O2QXGNu8Bt2QKAPu74ZfEOX4ieGTqM2japoLfaJoBaagqCbCOVEmEZhtcDcvPQjODxXQ/aa+bv8Agmjeib9mVnEpm3eI9ZyxfcSRfzDGfbGPwr6B+00AaH2mj7TWf9po+00AOFz/AMVIf+vb/wBmq99prBFz/wAVIf8Ar2/9mq99poA0PtNH2ms/7TR9poA0PtNH2ms/7TR9poAwvjf8c9B/Z9+G994o8SXEsGm2JSPEUZklnkkYJHFGg5Z3ZgoHqa434S/tk6Z8R/iTH4P1Pwz4s8EeJbyxfU7Cx16zWFtRt0ZVkeJkZlJQsu5SQRnpWb+3RP4Vl/Z31KHxroeu654auLm2ivBpCk3WnAzLtvAQQwWFtrllyVC5wcV4H8Ff2gtYX4yy+CvBPxGsvjnop8K6jd2utmGCbUPDV3Ei/Z4J7mEBH83cMBgHJXJzQB9SX/xz13VdbudK0PwZq32tJdkF3quLWymVZFWRyV3SLhSWUMi78cEVb+PHx9h+BWneGZ7jT59Q/wCEk1+z0BVicJ9ne4YqJTnqq45A554r4U+DGq+Gho/wQuvB2qXlz8cbrXIB4xh+1yvqLxEOdQGoRk/Ki/w7wACE219If8FEb1U8O/C0u6qP+FkaIPmOM/vWoA+kxqkQRiZY/wB2drncMKfQ0yPxBayxSOt1bskTmJ2EgwjjqpPYj0r84fjj8cPDXgT4PftTeD9Y8QWmmeKtQ8TzXllpk85S7uLeQW/lyxp97yzg/OPlGDyK7/4teEfAvgj9onwLofxBkj034Tv4Uur22XUL2RNOvtaklQyyXMhYB5/K5Tee7bfYA+vfiF8e/CXwqW3Ov69Y6d9qvrfTo1di7G4nOIUKqCV3noSAPeuok1FIo9zOqrjOScCvy58S+BPDunfsd6f4v12wRtDb4pRfZtc1gu0reHxdtHCZJJORbiL5F3YGwL619a/8FEr6zX/gn144k0qRBYf2RG1q9q+F8vfHtKMvbGMYoA998WeNofDHhLV9VG26GkWkt1JHG4yfLQvtz2JA71z/AOzr8c7b9oT4JeFvGVvaSaWvifTIdSWxmkV5rVZFztYrwSOmRxXxVoF/4KsPj75Xwn1BLvSbj4b6tJ41SxvZLm2S4EKfZnuNzELcE7+uGK57VmfsqeBdC+H3gX9kHxXoge01vxbD9k1K8junP9pQPp8knlspJVlyikADA2jFAH3n4g+JuoaZ8UNE8O2Xh+81C31GGW5vNUEyR22momAqsCdzyOTwqjoCSam8J/Gzwz448a6/4c0rWLa91vws8KapaIGD2hlQvHkkYOVGflJx0ODX5p+OvixpbePLLxRpmo6B4c8XL8Ubewm097q6n8TJCbvyW+0SvLtjhkXkRCPZtdQpr6O/Ze0nwl4L/wCCh/xv077PpGm+Ibn+z77S7YqsdzLbPATcSxL1KGXG4jjOKAPsC41OO0UGWRIwTgF2ABNZPxB8cHwN4K1HV47C71eWygaSKytNvnXb/wAMaZIGScDk18m/tU3/AIQuv2zrO2+MF9FZ/D1fCTyaONQumt9Nlv8Azj5xJBCmdYtu0E5AJxXD65f+C7nxF8EbbxbrPiK4+BLeG9QktLvxdPLbi9vhKv2YXjNsORDu8rzcZAHU0AfePhLX7zWfDVnd6jZDS724hWSe085ZvsrEZKF14Yj1HFeX/Fb9t/wn4D+DXiXxjo83/CU2/hTV49E1C2s28uSC5a4jgdDvA+6ZAc9Dg4JriP8AgnZeTar8JvFcEct3feBx4lv4PCct2zSGfScqE2s/zNFuMgQnqgGOMV8n+NLbwv4f/ZE/aO0a2/s2y8Q2nxHjjvraNhHd29k+pW32csPvKhBcoe/JFAH6hW2txXNtvR1kIXLKh3EHGcYFedWHxh8TeNfGOkW2keGr3SbBZ2l1KbWI1QPaYZR5flszJNvCkJIB8pya+YPFPhJ/gJ+0X480X4XxT2Ooan8KJ9XisIbmSQ3N+szIk4V2P73BOG7msL9gfQ9D1P4o+Ada0X4ieFf7cGkzjW9D0+3uxqmqMYwJP7R8yZws0cnOXVSTuA4oA/QkXOaPtNZwueKX7TQBofaap+ILn/iSXX/XM1H9pqnr9z/xJrn/AK5mgDbFzxS/aazhc8Uv2mgDQ+00faaz/tNH2mgDQ+00ya/W3jLOyqq8lmOAKpfaa+bv+ChuqW8D/DWPxNcXFp8Np/EYXxTKsrxQeX5MhgW4dMEQmXbuyducZ4oA+m21VBamUOrIFLblORgVzvwk+Imo/EfwodU1DQLzw55txLHbWt3KjzvCjlVlcLkJvxuC5JAIzzxXxF8SvF3wz8G/s7+KE8EXes6z4H1Px3Y2s8up6ldQeGtDZljMjwSxbWexUqC6BzGZGdSwGQOE8M+M9XsvhJ+0lovgbX7e/wBM07VNElVvDHmpbWtjMqC+ks0LyOgMavnYx5DEUAfp3b6pFdqTFIkgBwSjAgVxvxi+Ng+GV14f02zsTrHiDxTfrY6dYLKItwALyzO2DtjjjVmY4P8ACBy1fMH7N9/4NtP219Ig+CuoRX/gWXwlO3iZdOu3ubCK6Esf2VnJJC3DAyZGdxH3u1ekfEq4kX/gox8LnnLfZW8Ka2tuD9zz/MtScf7Xl5/DNAHSfEz9uTR/AnjrV/D+leGPGXja88NRLLrkmgWC3EOkbl3Ksrs6guU+bYm5sY45qj4w/wCChHhPSNC+Hd/4f0vxB42T4nxzSaFFo0MbSzCJAz7hI6bSASCD0Kkdq8l+CXx88Hfsl/Fz436R8SNb0/wtf614sl13Tf7Tk8r+2rOaCIR+QW/1pBBTYuSDgY5rnvjN4hufil8WP2YL3wZZt8NLnWZtYuNNt9R0yNpLFTbFiXtgQuXXJxkEb8nmgD3uL/goP4Ztvh/461fU9A8V6Hqnw7tUvNY0HULNItQEMn+rkjG8pIrYOCH6gg4NdX4R/a28L+MP2Yk+LEL3UPhhtLfVWWZAtxEiA7o2XOBIGBXGetfO/wC1H+z1cfCj9mL41+OvE3imfxX4t8RaBFa3V3JapaWtpbwOCkUUK52rlixLEkk15/a6FfWvxFtv2eR5o0Lxrf23jyFk/wBWmjxxRy3lv6YN4I1x02zH1pgfUHgj9vDRvHfw8+H/AI1h0q/0/wAG+O7xtMF5elUn0y6aQxwLNGCQFkdSm4NwzJn71e5m43AV+evhvWU1L/gjO8vyLdPqUyaeE7XP9tMIBH/tbwuPevpT9vfUvEll+xt42fw2b1dZXT1DvZ5NwkJdBO0eOdwiMhGOeOOaAOz1n9pGy0j9pHQPh19hlnm1/Q7zW01GOZDBAttJFG0bL13N5oII4+U57V3z63bpb+aZ4RERneXG0gDJ56dM1+d/w7l+FuoftgeG4Pg/f6bqenXXwv1xZxp1610j3G+2UZJY/veTuxznGeaxvh98RvCXxb+Cn7KXw/Oux3mtWOtCw13Tre8dLu0ZLG6WWGbad6HPBUnJGeopAfpNba7aXUcEkdzbyJcKHhZZARKD0K+o+lQeK/Gmn+B/Dd9q+q3UdlpumwPc3M8mdsUaglicDPQdBzX5lftleK/DeneI/i8tq3hzwXrfgNrO10WK/ubuTWLlIooik+noJVjtrcZ2/IjKdjlq+3f2gNKg+Jf7GviGHUbWLWGuvDL3QjePf5kwt/MVgPXcAR70AeneDPidonxD8GaZ4g0bUra90fWbZbuyulO1Z4mAYMAwBHBHBGR3rmPiD8c9R8GfEDTdItvBmv6zp1wY/tmqWxjWKz8x9i7UYhpcfebYPlXnnpXwv4C8PeB/jL4e/ZG8PW8llf6DqdlqcGr2+n3bRpdXUdkhuIpjEwJYSKQ6k5zkGq3xl0W11r9oL4p6D4y8YeFPANxp01tbeDZtchuWurXT1t41im0wpMilll+8ArMXAz1ApgfpZNq0FvnzJol2Y3bmA256Z+tT/aa+Ddf+E+i/F79rD4kab4udvET6J8MNJuUdp5YEe4P2sfafLDDDZQEEj5ea9/8A+Ce/iq68V/sR/DDULy8l1C5ufD9s0lzLJ5jzELjJbvwBzSA9z+00faaz/tNH2mgC99p+X/PpVO1uP+J7c/8AXKP/ANmqP7T8v+fSqdrc/wDE8uf+uUf/ALNQBvfaaPtNZ/2mj7TQBofaaPtNZ/2mj7TQBofaaPtNZ/2mj7TQBofaaPtNZ/2mj7TQBofaaPtNZ/2mj7TQBofaaPtNZ/2mj7TQBofaaPtNZ/2mj7TQBofaaPtNZ/2mj7TQBofaaPtNZ/2mj7TQBofaaPtNZ/2mj7TQBofaaPtNZ/2mj7TQA7xBc/8AErl+g/mKvfaawfEFz/xK5foP5ir32mmMzvtXvR9q96zvtVH2qkI0ftXvR9q96zvtVH2qgDR+1e9Z194b0rU7/wC1XGnafPcggiaS3RnBHT5iM8VmeNfG1r4C8H6prd95v2LR7SW9uPLXe/lxoXbA7nAPFeUfCn9vrwX8X/G2h6HYWvimwl8TWP2/SLrU9GmtLTU0C72WKVuGdR1FAHut3DDf27RTJHLE4wyOoZWHoQetRW+mWVpp32OK1tI7TG3yUiVY8em0DFfPWp/8FJvAGn6tPClt4vu9Pi1iLQY9Yt9FmbS7m8km8ny47j7jbXyGOcDB7jFcL4V/bxT4QfFn4wweOp/Fmq6Hovi6O0s7iz0h7q08PWjWtvgTSRqBHH5hdssSfm9MUAfXMHhvSraF449O06NJEMTKlugDIeqkY5HtVg2FoZoZPs9tvt1McTeUuYlPBVTjgEDtXgk/7QGn/Cn4t/ESTVPFGv6vpGl+GofFraa2no8WmWwDqxt5Vwz7whPltkgjIOGxWj8JP25vB/xi+INj4csLTxRp95q9gdS0ybVNHls7bVIAAWaCR+HK7hkDpQB7PHo9hFawwraWght38yGMRKFib1UY4PJ6epqa+hg1O1eC5iiuIJRh45FDKw9CDxXiH7QHxI1rwv8AtDfB3S9P1Ke003XdTvYtSt0C7bxEtHdFbIzwwB4Iqa7/AG4vBlj8GIvHkv8AbCaBLrjeHs/YmMy3K3TWpJQEnZ5iH5h/Dg9KAPZLfSbCzYmGztIiYxCSkSqSg6LwOg9OlRz6BplzYxWslhYvbQnMcLQKY48dMLjA/CvEvEH7ePhvwxHp8VzofjG41W7sf7TudMsdIku7rSrQsQs1yqf6tWwSAfmxnjg1yniX/govFN4u8Aw+GvCOua54e8bavLp8OqrEAt5CkLP5tqNwLncOQ235VY84AIB9QWVvb6bEUt4YYEZixWNAgJPU4HeoW0bT2s3tzZWZt5H814jCuxnzncRjGcjrXFfGn456T8A/BP8AwkOux6i+lJdQWtxNZ2/n/ZPNcIJZADlY1JG5v4RyeM1zL/tp+Co9D8X6q15ero/gy+j027v/ALKzW95cuExDasM+e251X5AfmOOtAHsKW9vHeG4EUIuCgjMuwbyo5C7uuM9qis9IsNOupZreztIJp+ZJI4VRpD7kDJ/GvEU/b38GQeAfFuu6haeKdEfwVaJf6npmpaS9vqCQOcJIkTH51Y5AIPUEdeKyV/4KR+CzrU2mf2D8Q/7W+yC/srAeGrj7Tq9vwTLapjMirkZPGMigD6Lso4NNtxFbxQwRgk7I0CqCeTwB61L9q964X4M/GvRPjz8O7DxP4emuJNNvwwVbiBoJ4XVirxyRtyrqwIIPcV1P2qgDR+1e9H2r3rO+1UfaqAHi7/4qPr/y7/8As1XvtXvXPi6/4qP/ALd//Zqv/aqANH7V70faves77VR9qoA0ftXvR9q96zvtVH2qgC/LKs0ZVtrKeCCMgiqul6RYaGrixs7Sy8w5fyIVj3fXAGai+1V41+1Z8U9T+HnjP4VLZas2l2Gq+Jxa6pyojnthbTOVct0XKg5GOnWgD2q10iwstQku4bS0iupv9ZMkKrJJ9WAyeg/Kpru3t9QCefDDOI3EiCRA2xh0YZ6H3r558b/ti6V4m+GGleJfD2ra3oekXfi600GDUX0MXK6wHnER8lHYHyJDlRPjgfMARWX8cf2ubXwj8TtR0+HxNrlto+iNFaa1Npvhhr6y0d5ACftV2GzG+1lYbRhM5YGgD6RvNA0zULtri40+wnnZdjSyW6M7L6EkZx7VifF34YWfxh8DvoV1fajpcLTQzi406RYp4zHIr7VYqQA2Np45Ukd68V179uXwN8ALrVfCTW3xA8RT+CLW1l1G6tNMn1VlgnTetxJMOq4yWY9PTFdD8Of26fBfxO+JemeGtPj8Rwya/aveaNf3mkTW+n6xGihm+zzMAHIByRx0NAHtV1ZWt9YG1nggmtSAphkjDIwHTKkY9K5L9oD4NWHx/wDgtrfgi7u7jS7DW7cWzz2ip5kChgwKBgV/hA5Fee/tZ/tYXv7N194Mhs/DGpeIP+Ep1qLTZXgHywo2chOfmmPG1eAQG+YYrI8UfGWwvfGvxIGqeNdW0e1+Hiadqgj+wfZYdKMkLsEaRWJu1kP3oyOCAByc0Ae96D4a0/w9potre1tkBiWKVlhVTPhduWwOfxqzHpdjFHbqtraqtnzbqsKgQHp8nHy/hXzp8Gv2xLOay8Tf8JJqfiM3eiaU2vi01bww2j3k1kikySwJuImjzjA+8uQGzmt/4S/t3eDvjD470jw/Y2nirT7rxDYHUtIuNU0aaztdUiVQz+TK3ysyg8j8s0AezT+GtJubp55NO0955GDPI1uhdyDkEnGTVj7BZ/2kL37NbG8CbBP5a+aF9N2M49q4nxf8ctG8EfE3wp4Tvvtf9qeMjcjTzHDuizBH5j72z8vy9PU1xVv+3R4On8TeLLJk1e2s/As91ba9qdxamOzsHgWNsbz9/wAzzAEC8kqeKAPatU0yy1yBY721tbuNGDKs8SyBSO4BB5o1HTrLV7H7Ld2trdW3H7qaJXTjpwRivmL4Q/th6fqfxU1G3u7vx9dah4qu47jStG1fQ/7Li03TFT57mHd9+JcbpJGbdl1G0cCuy+HX7eHgn4m+NdN0ewj8RQw67JJDo2rXelSQaZrTxgllt5z8rnCsR03BTjNAHuVuY7SJY4lSONBhUVQAo9AKpy6Bplw07SWFjI10VMxaBSZtv3d3HOO2a8b/AGq/2qr39nbUfBNvZeGr7Xh4q1qLTZpIh8lvG2cheeZT1VTgEBskY55PUv2x/D/w48UfELxVr/iDxTc6P4b1nT/CzaNFo+I9NuZ0jZSu0l5mZpl3PnC42gcE0AfTAtrf7b9p8mH7QE8sS7BvC5zt3dcZ7VFZaPYabeSXFvZ2dvPN/rJIoVR5PqQMn8a+a/ib+23Y+OvgP8WR4X/4Sjwt4t8FaLLd+Xq+lNY3UO5GMVxGkoIeMlThsEccitv9mr9tPQvilf8Ah/wlcp4mtvEt7ocWpQ3Gq6TJZwawqonnSQSMAJMM2TgDr0xQB9C/avej7V71nfaqPtVAGj9q96p6/d/8SW55/gNRfaqp+ILr/iS3P+4aANxLvKjntS/avesyO6+RfpTvtVAGj9q96PtXvWd9qo+1UAaP2r3qK9ig1K3eG4jinhkG145FDKw9weKp/aqPtVAEy6TYLpf2L7JafY8bfs/lL5WPTbjFFhpNhpQf7LZ2lt5ihH8qFU3AdAcDkDJqH7VR9qoAm0rS7HQo2WytLSzWRtzCCJYwx9TgDJrl/i98KovigdEu4r6bSdb8NagmoabqEKBnhYArJGwP3o5IyyMvoQeoFdF9qo+00AS6lpNhrEsb3dnZ3Tw8xtNCrmM+xI4qWe2trm4hlkhgeW3z5TsgLRZ67Tjj8Kqi5xR9qoAt3kUGo2zw3EcU8Mgw8cihlb6g8U37Fa/aEm8iASxx+UjiMblT+6D6e3Sq32qj7VQBy3xA+DGn/EbWfDIu5Uj0Dw5e/wBp/wBkwwqsN3dIcwu5HaNiXC45baT0ruXmEikHBBGCD0NZ/wBpr5ug/atPwk+JPxy1PxbqGp3nhnwjqOj29jbQQCVrQXMQUhFGCd0jAnJOKAPpTT9C03SZlktbCxtnUEK0UCIQD1wQO/GawPDXwl0zwx461zXUmuriTW3gl+yz7GtrF4lK74F2jYz7ssckkgVxvxD/AGsdD+HnxZ07wQ1hrup+I9Us4r+3gsrMyIYHnELOz5woTlmzjCqTXKa1/wAFGvAulXFzstfFNzYJcyafZ6rHpEv9mapeqSq2sFwfleR3+RegLcZoA97vdA0zUrkzXNhY3EpUx+ZJArNtP8OSOlXFdFh8vC7MbduOMemK+f8A9nH9r/Uvjd8aPHPha98IatoEXhaSARTXEY3L5kQcxz4YhJMn5QpYMozkdBrfGX9tXw18FfiKvhO70rxdrevvpR1lLPRNHkv5Ht1k8tmATuD1Hp0zQB69aaBpmnmPyLCxg8li8flwIvlsepXA4J74p9/o+n6pcQzXNnZ3M1ucxSSwq7Rn/ZJHH4V8q/GD9tOGfxf8EPEnhjU9auvCHiq61AX1jYWLTXWoeXbtshMIBcSJKMFRjBBzxXo/h39tnwd4s+Dt94vs4/EKwadfnSLjTJNHn/tWC9BAFu1qBvDnKnBwMHJIFAHs/wBjtftMk3kQedKgjkfYNzqP4ScZI5PHvUloIbC2SGCOOGKMYRI1Cqo9ABwK+UNP/bK/4Vv+zZ4+8Rxy+K/GHivwndSSalpmsacNOn01pB5kSNCM+XbBCuGBcnrzmvfvhF8RX+Jvw10bXpLC70uTVLVLhrW5TZJEWGemTx3HPQigDtftXvR9q96zvtVH2qgDQ+0+9U7a6xrtzz/yyj/m1RG65qnb3P8AxPbn/rlH/NqAN77V70faves77VR9qoA0ftXvR9q96zvtVH2qgDR+1e9H2r3rO+1UfaqANH7V70faves77VUV5ftb2sjovmOqkqoONxA6UAa32r3o+1+9fE3wl/aW+K3xkvLnVdG8Y+Cj4isNXkt7v4aX1klpdW1qk/ltm5Z/N83yh5gbaUJIHQ5ru/2gP2wLbwL8SrnTrXxDrdvaeHoI31w6Z4XfVLbSN/Oby4Dfu/k5AQZUfM2RxQB9Pfavej7V715bqupR+Ev2atUvNA1i91BbfQ7i9stTnuftM05MLSJLvPXkgjjHTjHFcX+yz+07D4o8EfC/w3rl3qWo+M/E3gyHxFNdtAPKnRRGsjO4wA5dwduOefSgD6G+1e9H2r3r590//goD4IvfDms626a5a6Fokr2k17PYMomvBcm3W1hXlpZXcfKEByCPWs6//wCChWjXNlqlvpPhTxrP4h0ixmv7zSbzSmtLqwhWMtHNKjkfunbgFSTw3HBoA+k/tXvR9q968n/ZT+Pdz+0R8BtB8XXmjT6HdatbLLJasd0ZYgEtCx5eM5+ViATjoKxtG/bl8GeIdf03R7Ndbk13UtduPD39lGwZby1ntwWlkmTP7uEKA3mH5SGUjO4UAe4/avej7V714bcft1eCbTxx/ZDjX/sQ1IaM2vLpcp0db0tsEBucbd2/5M/d3cZrG8b/APBRzwN4B1/X7K90/wAYyQeFdVGk6xf22hzT2WnOQreZJKuQI8MMt2oA+i/tXvR9q968a+E/7ZHhX4wfEq68KWNt4k03V4bP+0bddW0qWyj1K13bfPt2f/WJkjkdMjivVPtVAGj9q96PtXvWd9qo+1UAS6/c50qXn0/mKtreZ71h6/df8SmX8P5irSXVAFH7VR9qrN+1Gj7UaANL7VR9qrN+1Gj7UaAMn43aFeeNPg14r0fT0WW/1XSLq0tkZwgeWSJlQFjwBkjntXifhz9nvxXZH9ndZ7SBV8AafPba6FukP2ZnsRCNnPz/AD8ZXtzX0F9qNH2o0Afnn4rvdZ8EfCDw18HoG8La5baV8RLaSxv9O1qOa9u411Jrgo9mAZEdMkOxOAFJ5r3HxX+zP4z1f4Y/tL6bBp9m938SNWa70BDeIq3SfZbeMF2/5ZnfGw+bsAe+K9/t/h54dtPFMmuR6Do0etS5D36WUYuWB65kxuP51ufaT7UAfN3xU/Zv8Y+Jta+IctjZWsieIfhjD4Zsi12imW+XzMo3Pyr8w+c8da6TSvgj4mtfip8DtUezh+yeCtAu7DWH+0pm3lkt4UUKM5cFkbkccV7b9qNAujQB5x8cvhnrXjb46/CnXNOtop9N8Lajd3GpO8yoYUktnjUqpOWJYgYHSvB7r9nL4sab8Nbf4fW/hrRrnRtM8ef8JImtf2yitc2rag93hYCuQ6h8EEjO3jrX1/8Aaj/k0fajQB87/GO38Ufs+/tCa/4y0Wy0HW7P4mWdloUUF/qy2EltqEYkWJV3Ah0cMcgcgqeDWQP2UvGnwq+GvwLh0WCw8U6t8NdZm1DVbb7WLRZxcwzJJ5LvkbUabIB5IUV9OTFLnb5kccmxg67gDtI6Ee9SC5PtQBw/7VGk+KfG3wS1PQfCWn2N5qviELp0r3sypDY28pCzTkH75RCxCgctj618/S/sR+Mof2T9S+E9vHpclt4O1+11fwrf3E4WPXII5RO0N0E+aNyxdN+D1Vu1fXP2n3o+0e9AHy140/Zr8QePPgN8SrLTvhhoPg/xH4h0SPTLHbrv2u5vSJA7JJL9xIgeVySevA7+jL8HvEA/al+Hfic2sP8AY/h/wbd6NfS/aF3R3Mj25VAnVh+7fkcDA9a9fFx70v2qgDzr9jv4baz8H/hHcaTrsENteya3qN6qRSrIPKmupJEOQcZKsOO1eq/aqz/tVIbr/OaANH7VR9qrO+1n/Jo+1n/JoAcLr/io/wDt3/8AZqv/AGqsH7Uf+Ei/7d/X/aq79qP+TQBo/aqPtVZ32v8Azmj7X7j86ANH7VR9qrO+1+4/OgXWe/60AaP2qvCf24v2bbn9qWz8D6KYXm0O01z7RrLRXn2aWK2MEiEoepO5lGBzzXs32qj7VQB8wX/wC+Jd/wDATw94Du9Psbz/AIQLxppc2l6it7Eo1LR7adZFldONk0cY2lcfMVyOtUNc/ZH17Qviz8QZH+H/AIb+IehePNWOq211fay1n/Z/mKiyw3EXPmoCu5SoJOcGvq37TR9o4oA8C0/9nzxNpnxH+Od5Fp9pFpnjTw/ZaboipdKPNkhsnhKFeqKGYAFuopngv9n/AMWaTL+zq11Y2yn4eafNb65tukItnax8kBP+eg38ZX619A/aqPtVAHlP7Zvwz8S/EXw54QvPCtjbatqXhTxNaa01jNdLa/ao494ZVkb5VPzDrXnvxZ/ZM8U/GK8+N0braaSnju00aTR5ZLgSI9xaKWeOUJ8wXeFUn0JI6V9MfaqPtVAHzLof7PWua74M8W+d8LPDnhLxBd+E7zRrS9i1431xdXE0e3y0J4jgJAJ3EHOOO9dF4Y+BPirT/E/7P13NZ2wj8A6Rc2mtt9pQm3keyWJQg/jG8EZHTrXu4uMUv2mgDyL9qH4deLNW+KHw38ceEtLtNfvPBV3di50yW9Wza4huYfLLLIwK5UgHB6jNec6L+yZ40+IHwA+Mmh+IrfTfDuuePfFEmv6dHFefardMC3aJXZQDgtDtbjPXtivqP7TSfaaAPnm3+Dfj347/ABi0fxD4y0XTvBth4a8NahocUNtqa30t/PeRojyAqBsiUJkA/MSeRxVj9mLwX8VvhZ4X8AfD7UfD3hW38OeBbcWN3rrXguZNTghjKQG3gGGhkb5SzPnGGAznNe/C5xS/aaAPKv2yPhp4k+JPh/wbeeF7K21PUvCviiz1l7Ka6W2FzFHvVwsjcBgGyM9cGvHviN+yh4+8W6L8ShBpdks/in4i6N4lsozqEeGtLcWpmYn+EqY3AXqccda+tftHFAuMCgD54/aB/Z68W+P/ABz8Xb7TLO2mt/F3gKLQtMZ7pIzLdq8hKNn7gw6/MRitrTvgl4mt/j38FtdNpF/Zng3wre6XqshuU3QTyxW6oqrnLgmNhkcDA9a9t88Uv2qgC+LnApftVZ/2qj7VQBofaqp6/c50a4/3DUf2qqevXX/EmuP9w96ANqO6+RfpTvtVZq3WPy9ad9qoA0PtVH2qs/7VR9qoA0PtVH2qs/7VR9qoA0PtVH2qs/7VR9qoA0PtVH2qs/7VR9qoA0PtVH2qs/7VR9qoA0PtVH2qs/7VR9qoA0PtPvXyv8X/ANlXxf8AES2+PUNrFY27eNbrSb3QnmuBsums1RmR8cx5ZNuSO+a+mPtVH2nNAHgnw78BfELxn+0+/jLxZ4ZsfC+mSeDm0BUt9WS9lExn3ksFAAyDkYz7nNeYaT8G/GOteDvD37PMqeHIbTwVqlnrd1rUWqB7mXTYrxriFlttu9JXZdmSdowxBNfZX2mox5a3BlCIJSNpfaNxHpmgDyL4O/DbxZ8Nv2tfibq1xpdrP4U8cyWmoW2px3q+ZbywwLEYGgPzc4J3A4/OuA+MPizxD4a/4KWafP4W0O08Sav/AMK6mB0+bUFs2aP7cvzq7AqcNtBBxw3FfUH2mqTaLp7a8NU+xWn9piE2wu/JXzxETuMe/G7bnnGcZoA+avhP+yX4x8C6r8GLq9Sxmm8O63rWueITb3I8qxe+SUrHFnBkVWcKSB6mqviD9mr4nWvhn4oLo8UEEniL4kR+I47OLVvsza7pIhgWSAyrzCzlGGCf4eSA1fVf2ij7RQB8l+E/2TPGuo+Ffj7aTeHdJ8LR/EbTreHRLOPVBeJC6W5QrI/UHdjJ5HPGa+l/gRJrdp8ItAt/EWlR6JrFpZx21xZpdrdLGUAQESLwcgA/jW79oo+0UAaP2qj7VWd9opftOKAL5uuaqQXX/E8uP+uUf82qP7TVOC6/4ndx/wBck/m1AG59qo+1Vm/ajR9qNAGl9qo+1Vm/ajR9qNAGl9qo+1Vm/ajR9qNAGl9qqK9kkns5Uil8qRkIR8BthxwcHrVL7UaPtRoA+Sviv+z58WPjPpel6Lr3hPwdL4s0nVIJ4PiTaXkdrPFFHOH81IEUSrIYsoUzsJJ5xXR+Lvgv8TPAGufFfTfCuiaJ4j0r4rS/ak1G81IWraRLJbJbyiaMqTIgC712ZJzggda+kvtRo+1E0wOJ0f4S3Pgn9lKPwJZTf2heaf4bOjwyMRGLiQW5jBOfugn8q8U8F/AX4k/B7Ufg74g0vw/puuX3hbwQfCmsaa+qpbG2lPlMJVkIKuoKEHHPTGa+oRdECj7UaAPlqw/ZU8cXX7Iul6Vdx6TY+NPDfjI+MILNrvzbK4Md69wIWlA4Doxw2PlOCRxWr8KPB2vftMeMvFnxSul0fS7HxL4Rfwro1pZ6it8soEkjPPJIgC/6wlQBnAB9a+kPtGTzSQGO1iCRIkaDoqjAH4UgPOf2L/C/if4afs3+G/DPirSINK1XwzbLpu2C9W5S7SMALMrLjbu/unkd68n8D/s/fEjw/wDtYSfGC50fSDd+JdQn0fVNIiuog+naOBtt7lJej3GUVnUHkPgE7efqA3RzSfaTQB8nfDn9kDXfAOu3Ggan8OvC/i/Sz4hfUrbxFd628SxWzz+eDJa4JM8ZJC4G0kKSRW34m/Zn8Y6l8JP2idJg0+0N58QtYku9CT7XGBcxmKFQWOcR8o3DenvX0t9qNH2k0wPJYPhDr4/ay8EeLPssA0XRPBtxo13N5670uXkiZUCZyVwh5HHHvXtn2qs37URR9qNIDS+1UfaqzftRo+1GgCbX7r/iUy/h/MVaS6rE166P9lS/h/MVaW6NAGH52of37P8A75b/ABo87UP79n/3y3+NN+10fa6AHedqH9+z/wC+W/xo87UP79n/AN8t/jTftdH2ugB3nah/fs/++W/xo87UP79n/wB8t/jTftdH2ugB3nah/fs/++W/xo87UP79n/3y3+NN+10fa6AHedqH9+z/AO+W/wAaPO1D+/Z/98t/jTftdH2ugB3nah/fs/8Avlv8aPO1D+/Z/wDfLf4037XSG8xQA/ztQ/v2f/fLf40nm6h/ftP++W/xpv2zml+10AL5uof89LT/AL5b/GjzdQ/56Wn/AHy3+NN+2c0fbOadwHebqI/5aWf/AHy3+NL9o1P+/Zf98t/jTPtlH2zikA/7Rqf9+y/75b/Gjz9RPV7P/vlv8aZ9spfteaAHedqH9+z/AO+W/wAaPO1D+/Z/98t/jTftdH2ugCv9ovf7a+/beZ5H91sY3fXrVrztQ/v2f/fLf41Q+1/8VD/27/8As1XftdADhNqGfv2f/fLf40hl1H+/Z/8AfDf40n2uk+1f5zQA7zdR/v2f/fDf40efqS/x2X/fLf40n2uk+1f5zQA77TqX9+y/75b/ABo+06l/fsv++W/xpv2r/OaPtX+c0AO+06l/fsv++W/xo+06l/fsv++W/wAab9q/zmj7V/nNADvtOpf37L/vlv8AGj7TqX9+y/75b/Gm/av85o+1f5zQA77TqX9+y/75b/Gj7TqX9+y/75b/ABppu8D/AOvWZL480yGRla9iVlOCCx4rgx+bYHApSxtaNNPbmko39LtFRhKXwq5q/adS/v2X/fLf40fadS/v2X/fLf41kf8ACwNL/wCf2H/vo0f8LA0vP/H9B/33Xmf64ZD/ANBtL/wZD/M0+r1f5X9xr/adS/v2X/fLf40fadS/v2X/AHy3+NY5+IWlD/l+h/76NH/CwtK/5/oP++zR/rjkP/QbS/8ABkP8w+rVv5X9xsfadS/v2X/fLf40fadS/v2X/fLf41j/APCwtK/5/oP++jS/8LB0r/n+g/77NH+uOQ/9BtL/AMGQ/wAw+rVf5X9xr/adS/v2X/fLf40fadS/v2X/AHy3+NY//CwtK/5/oP8Avs0f8LC0r/n+g/77NH+uOQ/9BtL/AMGQ/wAw+rVf5X9xsfadS/v2X/fLf40fadS/v2X/AHy3+NY//CwtKH/L9B/32aX/AIWDpX/P9B/32aP9cch/6DaX/gyH+YfVq38r+41/tepf37L/AL5b/Gj7XqX96y/Jv8ayB8QtLP8Ay+wf99VpQamtzCkiMGR1DKwPBBr0MBneX46Tjgq8KjW/LJSt62bInSnD4k0Si61I/wAdn/3y3+NQaxcXw0yfzHttmw52q2f51KLzNVdcu/8AiU3H+4a9Igti41I/x2f/AHw3+NOEuon+Oy/75b/GmLd8Uv2ugB3mah/fs/8Avlv8aPM1D+/Z/wDfLf4037XR9roAd5mof37P/vlv8aPM1D+/Z/8AfLf4037XR9roAd5mof37P/vlv8aGm1AD79n/AN8t/jTftdI90SKAFWfUSfv2X/fLf407zNQ/v2f/AHy3+NRrckGnfa6AFafUQfv2X/fLf40LNqDfx2f/AHy3+NMe5JNCXRFAEnmah/fs/wDvlv8AGm/aNR/v2X/fLf40fa6Z9oNAEol1Aj79n/3y3+NDTagB9+z/AO+W/wAaYLvih7okUAKs+ok/fsv++W/xp3mah/fs/wDvlv8AGo1uSDTvtdADvM1D+/Z/98t/jR5mof37P/vlv8aYLzIo+2c0AP8AM1D+/Z/98t/jR5mof37P/vlv8aZ9szR9r5oAf5mof37P/vlv8aPM1D+/Z/8AfLf40wXmRS/a6AHeZqH9+z/75b/GjzdQH8dn/wB8t/jTftdH2ugBftGof37P/vlv8arw3N6dUnw9rv8ALTd8rYxlsd6m+0VTguca1c/9c0/m1AF/ztQ/v2f/AHy3+NHnah/fs/8Avlv8ab9ro+10AO87UP79n/3y3+NHnah/fs/++W/xpv2uj7XQA7ztQ/v2f/fLf40edqH9+z/75b/Gm/a6PtdADvO1D+/Z/wDfLf40edqH9+z/AO+W/wAab9ro+10AO87UP79n/wB8t/jR52of37P/AL5b/Gm/a6PtdADvO1D+/Z/98t/jR52of37P/vlv8ab9rpPttADxPqAP37P/AL5b/Gl+06h/fs/++X/xpn2ykF5mgB5n1A/x2f8A3y3+NHnah/fs/wDvlv8AGmG9xS/a6AHedqH9+z/75b/GjztQ/v2f/fLf40z7ZzR9soAf52of37P/AL5b/GjztQ/v2f8A3y3+NM+2Uv2zFADvO1D+/Z/98t/jR52of37P/vlv8aZ9s5pftmaAINXmvRp0m9rbbxnarZ6j3qz5+oH+Oz/75b/GqWuXf/Erl/D+YqyLvb1oAofaaPtNZ/2mj7TQBofaaPtNZ/2mj7TQBofaaPtNZ/2mj7TQBofaaPtNZ/2mj7TQBofaaQXPJqh9ppoufm/CgDRa5+Wg3GcVnG5x+VfLX7dn/BXf4Z/sH61LoOtW3iLxH4sisBqT6To9i0jW9u2Qss0rYjjUkHknPB4oA+thc/MaT7VkV5f+yv8AH1P2mv2dfB/xAi099Ki8XaZFqUdm8nmNbrIMhSwAyQPavOv23/8Agpr8Ov2C1sbbxX/buqa9q1tJeWOkaRYPc3E8UfDyE8IiDuWahq2jA+lvtHzUi3ODXh/7Cn7X9r+3D+zXo3xJsdIuNCs9cmuY4rOeUSSxrFO8WWK8ZOzOB0zXjf8AwUm/4LCeGv8Agn3468LeFF0VvFvifxCwlmsYbsQf2dbswRJZG2nlmPyrjkKx4oej5WC1Vz7U+07RQbnH41l2uofarOOT/nogb8xX5tfto/8ABVnx94v+PN/4W+BPgnxj4lsfgprcd7461DT2iWC9tow/m2gDAtjIPI5JjOBjmjZ8rGldXR+nIuMH8KVbnivG/wBjL9r7w3+27+z5onxD8LpdW+naurpJa3IHn2c6MVkifGRkEdRwRg969UW5oatoJGj9po+01n/aaPtNAD/tP/FQ/wDbv/7NV37TWH9o/wCKg/7d/wD2arn2mgDQ+00faaz/ALTR9poA0PtNH2ms/wC00faaAND7TR9prP8AtNH2mgDQ+00faaz/ALTR9poA0PtNH2ms/wC00faaAL0tziM/SvGNUut+p3H/AF1b+derT3P7o14xqdxjUZ/+ujfzr+S/pUxvhMB/in+UT6Thz45+hYM+B/8AXo+0Gvlf9sv/AIKtfD39jbXL3Q9Qtde8ReJbK3S5n0/TLQlbVH+40szYRAfxNdD8XP8AgoD4a+Bf7HmjfFzxFZ3gtdctrWSz0y2w9xPPOm5IVJIHTcSx6BTX8uQ4FzypSw9aOGlbES5af992urLe1tb7W6n0n1ukm48yutz6G83NAmr4v+Fn/BVfV5fjJ4U8I/E/4SeJfhofHshTw/fXNylxDc9MBwACjHcoxzgsK6L9p7/gpJc/Cf46p8MPh78Pda+KHjqGzGoX9lZ3C20WnwcH5pGBy2DnGO49a7peG2fRxkcE6K5pRc0+eHJyp2cvaKXIkno7y0ehH1+jyuV9Nv8ALQ+r/PpDOTXhn7FX7bOiftnfD/UdT0/TtR0HWfD962m61o9+oFxp1wvVTjqDzg+xBAIrP/bX/by0r9jqw8O2Y0LVfFvi3xhdGz0XRNPA866YbQzEnhVBZR3PPsceTHg/NZZo8kjRf1i9uXTort3va1tb3tbW9jT61S9n7W+h9Bic0Ccivkz9mf8A4KU3vxR/aET4V/EH4ca78M/HFzYtqFnbXc6XMF3GoJO11A5wCemPlPpXI/EH/grzqMPjTxmngH4SeJ/H/hH4c3Mtr4i1+1uEhit3jB8zy0IJcLtb04GcYwT7UPDHiGeKeDjQXNGKlfnhyOMnaLU+bkfM9I2bbeiM/r9G17+XU+4vtBNHncV8r/Gj/gploXgH9ivw98Z/Duj3PiOw8SXNta2mmtKIJxJKzKyMcMA6FWBAzkjrSfs+fts/FX4tfFPStF8RfATxL4M0a+DGbWby7SSG1AQsuVAydxAH1Nci8Ps5WFqY2rTUIQc4vmnCL5ofElGUlJteSfYbxlJNRTvftdn1QLjBr2LwtP8A8Uzp/wD17p/6CK8S8/p61674WuseG7D/AK90/wDQRX739FhWzLHf4If+lM8TiK/s4erN9Lqq2uXP/Epn/wBw1AlxVbW7n/iVT/8AXM1/ap8obSXPyD6Uv2ms5Ln5B9KX7TQBofaaPtNZ/wBpo+00AaH2mj7TWf8AaaPtNAGh9po+01n/AGmj7TQBofaaPtNZ/wBpo+00AaH2mj7TWf8AaaPtNAGh9po+01n/AGmj7TQBofaaPtNZ/wBpo+00AaH2mk+0Zr4S+N3/AAWC1jTv2gfFnw8+EHwd8TfF3Uvh84XxPdWt0lpb6cedyIWBLsCrDHGSpA6GvdP2Ev24/Df7evwNi8aeHrS+0wxXL6fqGm3oAuNPuo8b42xx3BB9CKN1dAe8G6yaDcdq+Z/25P8AgpR4T/Ylu9B0SfStd8Z+O/FbFdF8MaFB519eAHBkPZUB79Tg4HBqyf281+Gv7FmofGP4seEdX+GsemK73GiXbrPeL+88uBBjALykpgcfe5o6XA+kPtOBxQbnAr85/CX/AAXU1fTr/wAH6z8QfgX4w8DfDT4g3cNroHiiS8iuEm84ZieSMAbVI54J4yRmv0Dl1NFt/N3Dygu/d2xjOaOlwNQXXzU77TX5RfG7/gs3488SfHYePfhr8P8AxvrPwM+EF9fad4yu4GhSDV22hRIAQWCxH5xzyGBbAr9HvgH8dNE/aN+DXhzxz4clkm0TxPYx39o0qbJArD7rDswOQR6g07e7zAd/9po+01n/AGmj7TSA0PtNU4bn/icXH/XOP+bVH9pqnDc/8Ti4/wCucf8ANqANz7TR9prP+00faaAND7TR9prP+00faaAND7TR9prP+00faaAND7TR9prP+00faaAND7TR9prON1ivhL4n/wDBZ3W7v4u+NPDvwh+Cnir4saZ8OLhrbxJrNrdpbW1s6bvMWIEEyFSrDHBO04GMEgH36bnikNxgYr46T/grn4V8R/8ABN/V/wBofQdGvbq00dfKn0S6kWG4iuhMkTQs4BHVsg9xj1rlfgf/AMFQfjT8Y/FXhRH/AGXvF+k+G/Es9vu1uTUongtbaYj/AEggLkqFO76UJXdkHS593i5JNBueOK+UP2y/+CpHhz9ln4n6X8PNF8LeJviX8TNZg+1QeHdAhDywQ84lmc8IpwfU4GTgV7r8EfiDrHxH+E2ha74g8O3XhLWtTtVnu9GuZA82nOc5jdhwSPajdXQbHd/acjmkW5y1fJ/7dP8AwUytv2SviJ4X+H3hvwXrfxK+JvjKJ59M0DTXWLES5HmSyNnapKtjg8KTwKz/ANiv/gqVF+0n8WPFXw68a+BNb+FvxG8H2I1K90fUJVuEktuN0kcigZ27l7chhjuAJX2DY+wPtOOaX7RxXwh4T/4Lu/DX4s/tSeC/hl4I0TxNrq+MNSewi1+e1Nnp5CBi7xb/AJ5QCuMhQK9U/b4/4KI6b+xJaeFtMt/DereOPHPjm9+w6B4f01lWW8cYyzMfuqCQM4PX0BNG+obOzPpo3OKVrnA/GvkL9ir/AIKeyftI/G3WvhX46+H2tfCv4naHYLqb6PqE6XCXduSAXikUDONy547+xA+rBdZ60AaP2nmgXNZxufmzSrc8UATa5cf8SuX8P5irMlzWNrdz/wASuX8P5irMlzQBR+00faaz/tNH2mgDQ+00faaz/tNH2mgDQ+00faaz/tNH2mgDQ+00faaz/tNH2mgC+bnik+0/yqj9ppoufm/CgC/9px+VfMP/AAV70Wwj/wCCdnxk1FLKzTUJ/DrxSXQhXznQMpCl8ZIHOBnvX0f9o/lXn37VXwItv2pv2e/FXw/vdQn0q18U2JspLuBA8luCQSyqeCeKiom4NIum7STZxn/BKK5/41wfBgenha0H/jldj+2RpFjP+zR8R9QeytH1CLwnqUKXLQqZUQ28hKhsZAzzgGvBf2rPgr4s/Z1/4JTt8MPhevijxJ4m0zTbPw7pF1pf7i+XMqL9oJQjYFXJYg8fSvbfCnwb1HUP2P7L4e+ItWuJ9UuvCy6HqWoljNK0r23lSy5bljkk5J5rWt7zlJEU3Zq58sf8EmPj5pn7Mf8AwQ/0nx1q8csth4Yt9VvHiiGXmYXs21B7sxA/GvzE+O/7QPgf49fB+b4g+ItYk1b46+MfG8Oq6pAbGVYtB0mHcsdtDKy4KgBCQD6ema/dT9iz9kzS/wBjT9mbRfhnaajP4i03R2nYXN7AitN5szykFBleC5x9K5r9u7/gn/4e/bj+HOh+HbvUW8Lx6NrEOrrPYWUTyStGGAjOcYU7v0qZWdTm9AjpG3qeu/s9fHXw9+0H8FtB8Y+FruW80DV7YSWs8sDQs6qSpyjAMOVI5Ffnl4h+CHjj4U/Gf4s/GX9kr4geB/iH4f1y8lm8a+CryRZk+0qGeWNXUgB/mchSyEbiMtwK/SvTLSHR9NitbeOOOCFAioiBVA+gGK/PL9pn/gkR4p0f4zTah8E/HnjXwX4X+KmuF/HumabfpDb2du6s0lxCDhixc428n5z2GKJXc7rz/r0CGkeV/wBf8E+jf+CS3xz8E/H79jfRfEfgbwZp/gCynuJo7/RbGMLb214rYmKEAZVjyDgHnnmvphbn5q8i/ZD/AGWfC37FfwL0vwF4RS6Ol6aXkee6ffPdzOdzyuQAMsewAA6AcV6ctx3qpWb0EkaP2mj7TWf9po+01IyT7T/xP/8At3/9mq59prD+0f8AE+/7d/8A2arn2mgDQ+00faaz/tNH2mgDQ+00faaz/tNH2mgDQ+00faaz/tNH2mgDQ+00faaz/tNH2mgDQ+00faaz/tNH2mgC7Pc/ujXjWqTZ1Gf/AK6N/OvVZ7n90a8d1O4xqM//AF0b+dfyn9KFXwuA/wAU/wAon0fDr9+fyPmD/gr/AKVZ2/8AwT/+Jd3HaW0d3c29uJZ0iUSShZ0wGbGSBXZ/AfXPCuk/sV/DM+Kp9At7aXQrFLU6uY/JM/kDZt38bvpz1rof2rPgDaftUfAXXfAl7qM+k22uoiSXUMYkeLa4fgHjtXLfFn9hzwp8bv2UNI+FHiGe8n07Q7a2is9QgxHdW8sCbUmXggHGcjoQTX4Bl+a5dUyTC5bja0oOOIlOTiruMHCMU1snqnpe9j3Z05+3dWC+zb53PkH9oNfid4C/bm+Bmt/tC3eheI/CX9sS2fh0eGV8hba8kaMRPOjKC3JjJ2nGF/P0/wCKXwv+Kv7Jn/BQzxP8YPBfgK5+Jfhnx9piWt7a2V1HFdafOiqq/f6JmMHI4wx6YrovhR/wSvXRvir4d8U/EP4oeMfig/gx93h+y1TCW1hj7pYbmMjrgHdlckDI4FeqftZfsr337Us2iQL8RfGfgjSLGOeLULTQLj7O2rLJswJG7bdpHQ8MelffY7jPKVjMLhKdWnKiqM6VVqnONJxlPnSjTi1NSuleSsnLyucEcLUanJp3bTWqvp+B84/8EUtY1zx38Y/2h/F2safb6bJrPiGJJ7a2l8y3t7oGVpY0fo23coLDr1r69/aDvvhx8OtDHxH8fWWhx/8ACFxNPbanfQI81kT/AAwkgkO5wAF5JxXMeGv2PPDXw0/Zd1H4X+CLnUPCFjf2ksH9p2cmb4SyD5rgueWkPr6cDHFeW/H7/gl+v7QnwK8A+BNY+J3i42XgmF1kuWVZpdXlONks244LIMheuAetfM5nmmR53xHLNK2JeHouUYWUZc3so01G91e3Nbl5bu19bpHTShWpUuXlu3d/Nvb+uxyf7GvgjxV+2L+1Fqv7TXivTLnw/oUGmzaV4G0iZcTPasrKbmTv8wZsdiXOOACeW/4JE3Sw/sM/HZL0oLpNe1cXnmEblP2Rc7/x3frXuHwa/YS8YfCbx7omrXXx5+IfiLTdIlDNo14Y1s7qMKV8tlX+EZGAB2ri/if/AMEjIPEfj3xZe+Dvij4u8AeGvH873HiPw9p6Bra+Zzl9h3Dyw2TnIb7xHTivqcRxPkmKeIy6pi4woyVD2TjTqctOFCbap6rmcmnfmtZybu0c8aNZKNRxvK7b13urHgv7N37PY/ac/wCCTnwu8KTePdH8CXn/AAllxqVhNqIDG9aOeVVSJSw3MC+QBnkCvU/Bfiv4sfsO/wDBQH4f/DzxP8S9W+J/hL4n2s+0apGPtFjLErHcpySoyF6HGCeMjNe2fFT/AIJvfD74lfsy+GPhlH/aWi2fgto59D1OzlAvrGdM5l3kYJYkluOTyMEAjC/Zy/4Jsx/Cf432/wARvGvxD8T/ABR8XaZbtaaZc6sAkWnxsCCUTLHfgkZ3dycZNXi+O8mxtHG1MTW5qVR13GhKinLmqa05QqW0s7OV2mrWV0yI4KtCMIxWqSV7+euh9YLdfKK9b8KXO7w3Y/8AXun/AKCK8UFxgV634UuceGrD/r3j/wDQRXtfRfjbMsc3/JH/ANKZlxB/DgdAlzg4qtrVz/xKrj/cNQLc5aq2tXP/ABKbn/cNf2afKmylz8o+lO+01mpc8D6CnfaaAND7TR9prP8AtNH2mgDQ+00faaz/ALTR9poA0PtNH2ms/wC00faaAND7TR9prP8AtNH2mgDQ+00faaz/ALTR9poA0PtNH2ms/wC00faaAND7TSNc8VQ+00huMigD5m/a1T4k+OrDUof2ZPEnwq03xBA1xH4tF5DHJcSSEEIC0asVlDeZzIOv415p/wAG9+t6AP2RNf0exstQtPFeg+Jrq28XS3Uqy/bNSOC8qMONm3aB/unr1rR+N3/BIBPFHxz8S+Pfhl8WfGnwg1Txw2fElvpAEttqWc72VdyGN2yTuyQCSQOTXH/tH/sKaz+yt+xD4d+EvwGg8ZXPiHxX4xs59V8R2tyY7pcvvnu7uZCuE2KE44xgfUWl/l+Y7X0+f4HkHx0+Enjf9qP/AIL4eLtB8PfES8+HWo6H4Ria01W3gE11DbeXFujt1bAQs0pJcHIG71r2P/gnR+094g0/4g/G/wCC3x+8XaJ4z074T39qtv4i11IUS6jmLbEmL/KzcKRuy2SRk4r1L9r3/gmDZftJfEHw34/8NeO/EPwz+J3h2xTTh4i0gb3vYAMbJkLLu6tg7h15zUHwv/4JA/DXwX+z5498DeILzXPG138TZRdeItf1WYNqF3Orb4pFYDCGN/mXrznJNCdopdk/vvuJ6u7PlT/gqdp/xZ0LXfAHiT4qah4S8Sfs1WHjW3ubDTPCYFve/Z2Lm08wldrqEwDsODk46gj9XLvXLGHwm97cyJDpq2hmlkkOFjh2ZJY9gF618FeDv+CG1u2seGtP8c/Gj4g+P/h54Juo7nQfCl9titrfy/uJM4Y+Yo6DCphflHBIr7vvLS3vtMlspoUktJojA8RX5WQjaVx6Y4o+y4+YbyT8j8prn4X+P/2Lfhj8SfiJ8BPE3gD46fs2+JLy81XX/DN8wl8qM8XKRyLw+1QVOD90DKMea/RP9gj4l+EPit+yH4H8ReA9Aj8LeFtV08T2ekRxhF047mEkQA4wHDcjg9a+HfiD/wAEUfEeifFiDwL4B+Ifjzw9+z/40e7vvE+lW2oxqmny4HlwQoRlo5MkEEHAUZzX6CfAr4O6D+zn8H9A8EeGbd7bQfDdotnaRyPvfaP4mbuxJJJ7kmmrKP3f1/kD3sjvRdZFL9prOFzxS/aaQGh9pqpDcf8AE4uP9xP5tUX2mqkNz/xN7j/cT+tAG39po+01n/aaPtNAGh9po+01n/aaPtNAGh9po+01n/aaPtNAGh9po+01n/aaPtNAF83G4V8Qft8/tLeH/wBi/Sbj4X/BLwbpF38avi9KwttK0qzWPY0uVfULvYB0BYgt1IJJwCa+0PtFfBfiL/gijeaj+0n4n+KmlfHn4ieHvFniaaZpLqyhh8y2gkYEW6O3zBFCooAxwoFLlTeuw07FbxF/wTCsfhZ/wSKi+BupfEHQfBur67ew3+ra5qRBtJ75pRM8K5ZMj5Ai85wua828et8b/wDgkt8dPgcbj4zan8UPAvj3Vbbwxf6NqcAWK0yY0DWy5OxVVsqVI+6Ac54+lz/wS8tfiF+zT4q+GnxT+JPjb4o2PiG8iv7TUtWlVb3RZY1wpgYZA5ycEYOSCCDXIfB3/gjbB4d+NHhnxf8AEj4t+N/iyngORX8M6ZrGEttN242F/mbzHUhTn5ckDIOKuNufmfdfgL7Nj5i+HP7PnxD/AGtv+Cuf7TUnhn4p6l8LtU0OeO3e8soBLfXEBASGJGJBjiAiUttPOVFfW/8AwRi/ap+IHxz+HvxE8J/EnVofEfiP4WeJpfDx1pIwjajGmQGfAALBlbnGSCM88mX9qf8A4JSWnxr/AGgZvij4D+I/ir4Q+NNVtlsdbu9EUMmsQgBTvXcuJNoUbskfKp2kireg/wDBKbw98O/2NNX+E3gzxr4w8K3niG/TVNV8VW1znVdRuQwZmkcY+VsYIBH165mLtGz7fjf/ACHLWXlf8LHqn7XfxF+En7KOiz/Gvx3pWiLrnh61Nnp+pNao+qTswYLa2743ZcswwDjkk8ZNfP3/AAS++APjL4s/Gzxr+1D8VNNOh6/8SrUaf4f0B1w2l6QMbfNBGdzhEODzjJIG7A2P2zv+CSkf7Zmp+AZtU+K3jLTE+H+nQWtmiRxTi4uYyCb2TdwZmwMnHb3NdZ+zb+wl42+BnxbsfEWtftA/Evx7p1pFLG+iau0Zs5y67VJC9Np5HHamrJ3Fe6seF/8ABQfSrTw7/wAFg/2QbbT7S1sbSBr4Rw28KxIg44CqAKv/ALfFwsP/AAWz/ZWkuSvkGz1BYfM+75mG6Z78r+lfQ3x//Ya0349ftZfC74r3Wv32n3vwvMxttPigVor0y9d7HkY9qh/by/YC0D9ubQdAkn1zWPB/izwhefbtC8QaUQLqwl4yMHG5SQpxkHKjBFEXyqPk2/vFOPM5eaS+Z8++K5S//ByN4eNv99fhu32jb2GZsZ/8d/Sv0S+0Y4r5R/Yp/wCCbdr+yz8VNd+Ivijx1r/xR+JXiG1WxuNe1ZBEYbcEfu4owzbQdq5+Y9O1fT7XFLaKX9btjerv/Wxf+04FKlz8tZxuMtSrc8UATa3c/wDErl/D+YqzJc1ja3c/8SuX8P5irMlzQBn/AGij7RRRQAfaKPtFFFAB9oo+0UUUAH2ij7RRRQAfaKQXP86KKAB7j5aDcYx9aKKAAT/MaQXPFFFAC/aDvoW4J5oooAFnytJ5+5vpRRQAv2k7qFuDiiigBftFH2iiigCp9o/4n3/bv/7NVv7RRRQAfaKPtFFFAB9oo+0UUUAH2ij7RRRQAfaKPtFFFAB9oo+0UUUAJLcZjNeP6pIU1O4B5/eN/M0UV/LX0nV/seBf96f5I9/IW1UkiuZs0vnUUV/HvQ+pbdhPO+tHnZoop9RxYedxQLjnvxRRRYbENx9aFucetFFOyM22gNzn1pftOPWiih67iTfKJ55Ir1nwvcEeGrL/AK94/wCQoor+n/oypLMcbb+SP/pR4GfNuES+lxzVfWrj/iU3P+4aKK/sY+ZLKXHA+gpftFFFAB9oo+0UUUAH2ij7RRRQAfaKPtFFFAB9oo+0UUUAH2ij7RRRQAfaKPtFFFAB9oo+0UUUAH2ijz+c0UUAI1yQKPtGRmiigA+07loM+aKKAAXHel+0UUUAH2ij7RRRQAfaKqQ3H/E3uP8AcT+tFFAFv7RR9ooooAPtFH2iiigA+0UfaKKKAD7RR9ooooAPtFH2iiigA+0U0XJJ/SiigBftJDUi3HH0oooADOcg0v2jOaKKADzz0o+0nFFFAB9ozQ05IoooAU3HNAnxRRQBV1q4zpkn4fzFWJLiiigD/9k=', '17/04/2024 - 11:02 PM'),
('80aae06e-14', 'fdf56', 'data:image/jpeg;base64,/9j/4AAQSkZJRgABAQAAAQABAAD/2wCEAAkGBxITEhUSExIVFRUXFxcXGBcXGBcWGBcXFxgeGBcXFxcdHSggGholHRcYITEhJSkrLi4uFx8zODMtNygtLi0BCgoKDg0OGg8QGi0dHx0tLS0tLS0tLS0tLS0tLS8tLS0tLS03LS0tLS0tLS0tLS0tLS0tKy0tLS0tLS0tLSstLf/AABEIARAAuQMBIgACEQEDEQH/xAAbAAACAwEBAQAAAAAAAAAAAAADBQECBAAGB//EAD0QAAECBAMECgAEBQQCAwAAAAECEQADITEEEkEiUWFxBRMyUoGRocHR8BQjQrEVM2Lh8QZTcpIkghay0v/EABkBAQEBAQEBAAAAAAAAAAAAAAABAgMEBf/EACURAQABBAEFAAEFAAAAAAAAAAABAhESMWEDBCFBURMicYGxwf/aAAwDAQACEQMRAD8A+n2o+7R6/PxBupmU2DTWjnidPDhHSe2mjMR4neTyJpzjUrFzesCRKOXMQVVsE5gbWLM9asNXHWqqzlTTdlMqZ3DeJ6qZ3D98InD9JTlZHwq0vkzORshRUFG1crIJFKLo5SxoOlJ7scKsBgc3aHaAUAGFcrqGtgz0iZ8NYJMqZ3T98InqpndP3wi03pGeAGwynImauAUgFD0DhRLXBGti2vB4lS82aWUAHZJ/UN7XHI67wxLPgwYuqmdw/fCI6qZ3T98IL0jjZqMwRKzMEEKqQcyiFUA/SAC1zm4RSR0hPKwlWGUlLkZnzBswA0pQkl9UFnBBhnwYK9XM7h++Ed1Uzun74QKR0riVGuEUNAHIcmXnBcigC2QX77/pUINiekpw7MhZBQhYorM5I6xBSzBQTUB6mmkMzBHVzO6fvhE9XM7h++EVn9IzxMKE4clIWkBdWUkhy1KV2XtV4ib0niBLCxhlFeSWoodT5l9tL5f08WPCJnwYLdXM7p++ET1Uzun74RKMdiMmbqCT1hSUuxCAVALBIZQ2UqYtRZFSADnmdLYnZAwqg4S5IUcpKVFQYCrFIS9HzPue5mAwlzO6fvhHdVM7p++EWndITwjOnDKJ/O2CWU6HMvSoWBcOxUkMatGF6Qnq7Ulg86rLDdWWlhmrmBvwOsM+DBHVzO6fvhHdXM7p++Ecek5+uFU9HAU4fMoLZTMwGRQNMwUaAho1TMVMCEKEkqUoAqS7ZCWd3uznjTmQz4MGUypndP3wieqmd0/fCDrxs2jSFcXUE1zAaPoX8I6Ti5pIBkEB75wWGV92+niIZ8GDOZU3un74RPVLc/lltxZwOBa8NFrISSEudAKE042gGHxC1NmlFNQLuwyZiTTRWzT9omfBgVkXBcVaoAbc/wA8BFeq/qV98I2Yz+YaOKAi/Lxv6wBjHTLw528iSe2nnxbTSC4leJBVkSlSbpehZrc3FOBG6BSe2nmPaAYrqUzVrM+bLU7KDkJJSMzANUtMBpvF6g863Shq6zGdyVc6moeg4UjTh500pOeXlU5AAIILWLvaE6UyLDFzQQ1cxZg5U1NQk1FLaUOjDTpMoBf4lRCswGdTg1JJZqG+1GG2vr53ZCEvZyptHKm1TppF1TphAKQk1ObaDO9A9Tv3VgRXLzS5hKnV2S2/ZD7ne3PV4mb1aVOoqBSXFbk1oAeOrVMdN+mW9J4N5RMVTzi0YVg6XwAnJSl1DKrNsqyGqFI7TFu24bUA6QuX0Gsy+rMyZ2swV1gcUUlgMjNtk8/KH4iTAJ/4dMVKVKmErzBTkre5dw6CzNS8Bm9DTCB+bNTlWpQKZoHaSEgVQaJSGHM74cz5yUJKlFgPtOMeXm/67w4UUuKKCSdopBL3WE5Qdk+Rjz9buen0ptVPniJn+nTp9KvqXiimZt8gz6S6KXNKVZlIUkKCVJWA2Z69jR6QJXQ011qE6aFLADma7ATAvZZIY9pI3BZhvgcWmanMn/EHJjtTVTXEVUzeJcyXo7odctaVdbNIFMpmAggAsCMgJDl2dv2h3ECJMaHCMXScxsv5wlXdxQigu4ZioB/6hwjaIHOkpU2ZIU1nAOjfsT5wAE45BJHWy6BzUWpW/FP/AGEGRNdOcEFLO/Dzjk4dHcT5Cv1h5RcS090cKCAw4VZckqJqb2uxZlEAAJHnxaNeHnBYcEEO1iP3+3i/Vp7o8hEplgWA8oszcLsb2zy48IBBsb2zyHtAY1Ooc43K8ntjmPaGS8Og1KEnmAdw9h5Qtk9tPMe0N4lbVAH4SX/to/6p3Nu3UifwkvuJpQbIp4QUxAjLSnVJ7o8hEiUncPIRdo54CAkCwaJjjFRASTHCOMD65OYIzDNWmrBnLeI84BV/qZKzLSUhwFbQdqEEOOI479I+fH/Tc7KpKZn5BUCUlQzqFMygoJyptRLVY8I+q4mQhaVIWkKSoMpKg4IOhEI1f6OwxObafgSAOAD24R8nvez6tfUz6c734+fvMPd2ndfhv5t/F9a9xpX/AEfh1ICh+hKUpSXqoi6iwAHIb9LR6OM3R2Fly5YTKSlKb7IABJqVUuSavGiPd2vR/D0oomb2/wB8vJXVlVMpEcYqqakEJJAKnygkOWDlhrSsWEehhIjnjogCAtEGIiRAcImMWOwa1kFM1UtgRsvW96truel4Ph5ZSkAqKjWpuXL/ANvCAxYw7Z5D2gEHxnbPIe0Ajc6hzjcrye2OY9obGFMntjmPaG0K2qHR0RExhpDxzRwiXgOiIiJIgPJ9KYPHqlYhCMxmLTi+rmpnFATmI/CpSnMwISQCWDGWo1z1t0ng8aTiVSQUlSETJDLSkidIWcsuaQoFUuYnK4JLDPUEhvVCIBgE2Mws7rJIBmGT1U1K0pmZJnWqyGWvNmDgATgwNCpJALOEUzovpEqU65mV8UQOtZwrGS5klPbr/wCOmYgWCc2U3ePSDo1Vfzll25OElJN9Qo+LHSLzOjnDdavSpJcMsqoX1ByneAIWCib0XiRNEyQShJUnrJalbCkmcolQyq2ZqECWO6pAKK7OXV0BhsQEBGICs3UyQtfWkmZOGbrikAsgEsQRlcLAZOWNCeiC381d1G5baBFn4+ghjJQwAJdgA+/jCw8r0X0RiurkJxGeYVYZMueFTc4E50haiCpiFJzB0u7kG8euEREvARFhECOMBMcIgRzwEvHRAiYBbje2eQ9oBBsads8h7QGNzqHONyvJ7Y5j2hq8KpPbTzHtDaFbVDjEPGLET5wUcssKS4YOASGqSoqDMXDMdDwikzEYj9MgChclaTXKCwqP1Fn4G1Iw0YRAhecXPzEDD0ZTOtNWGzY0csG0u8QcRiAB+SCak7SQwJUyRW4ZFdX8gZGIBhYvEYpkkSUuxz1BZhQhlVD6XjpmIxIVSQMo/rTU1o70/SbacaAyEYVY45wjIf5mQn/1Ks3AML8hrA/xuIIBThtS7rALAtR2vcG1vDl4rE5Q2HGZg+2lnyuaZg21S5pAUT004/kzH2gzCrFLAHUkKUR/wUKGOxHTOVh1Mwu1QKVl5/AhmINajfGrrp2z+TTMx20lk5mJ0/TXWxG6BJnYlqyklQSgs+UEkgLALkd8i9Gcb7cDPTDJUeqWcqZiqC+TMyWuCoJBG/N4RP8AF6kdUss2m8qBI3gZUmlWWDwi5xOIYthmNGeYndW24sPGIGKxDH/x66baO8WBD91i7+VolwyEcYVnGYhKXOGcsHZab5asA/6qa74uMTPylpLKBFCQxGchndhsgF3LZhS4ihjEiFn4rEv/ACAQybLSK0z3NqkDlq8Xl4qcpJ/JyqBIYl32QQQaUzFvCIGDxwhdMxWIBU2GcAsPzEBw52n5NRtbxEyfic7CUkoe5IfK92z7vo0BnEQPDKUUgrDKaoFQ+rcILALcb2zyHtAYLjO2eQ9oDG51Dn7leV2xzHtDZ4Uye2OY9oatEraoYsUifmdCkVIyhVAzVBADkvVwRQ8KjWnEkhOeWnZPZfM+UDMAoEMFnybfHYtEgrJWWUNknMtIDoIYkHKFZV82Y6CM0vB4RGV1uQxG2oklgoFgWc5QQw5RlpeVMxLuVyWDa3DJJVQ2c+RETKGLBSFLkmrG7ksToBpVg1oF+FwhAS9EgkbSgQFABuJZFqnZL3i/4XCKdWdPbzv1lAo1cVaud91awB0ycQxdaAok2sKpy3HBe645gRw+MYfmodjVgRwpk058OMah0nJrtigD0VqHDlr0tFzj5dNtIzFhUX3HcXLekBkXIxX+8m72BcMAQdm+oI1NaRxlYrIB1ic2VW0ABtOMpLpLhnDML63jXKxkpVpiDVu0L1FvAx346VcTEmrULl3CWa9SRzcb4DKr8VmABllNHVUEgFLggUcjNYNURbqsQa50g5RSmXPlU9MpLZij9X6TB09ISiCesDBJUb2Dk82Y+UF/GyWfrEsNcw4B+IqB4wC9sYlJrKUQKDaqQ/IAuU8KGzwaYMQ5KVItQGz7FwA+kz9X6hGmVipaiEpmAkpCgHqQQ4bwBMHKeEAsQnEsQVShShS4UC4qSUkGj/piJUjFAuZiFXYMwOyQAWS7ZmL7hDJo6AXiXiKgqls7gpcKbNaqSBTgfeKSpeLo65RZnLKctfTX7uhpEGAXYcYpwVqlAXYAuNlm3GrG/jELk4pqLlvmUTdmygJSHBo7k/3MMmjngFz4rXqqEWfaDKcMTcEo3WNYYSgcozVUwfm1YlosIBZjO2eQ9oDBsZ2zyHtAY3Ooc/cryu2OY9oaiFUntjmPaGsKloZ52HlKO0lBNLgGtgedWjBMUgKGWSg9oW4ZQx3MEua0bg7ZogmMxZuSzDIlElXVIAFaJZVAUgKGpYqpo/GKSjKS4mSUA0JKUOlRYEl9WDV4Q3Ecd0W8fELUDDqIR1ID0DoADDMf3CvPjWFTJKSAZYYKOVk5i5ao4W8MsMsod9WZ+H0RZIBYtUWJ43hePilKOoKhlki7ZgkC7pqNU1UH4HdBJaZIXl6tLFkuE1fZUCVbnPgResMKWFP2EQEgGw4mHj4gacFIFkSxewAFQRUcirwJ4wOfJwyEkqRLANDsitbFhvaNIoRx3wdow0SScfg8omslFAHyFwMrgOB3d1NI1YfHSpjhCqi9CGZTXNLptGialNikMo2I7R1prSJMsOaDTRiwsHHjFRlxE8J0Bo52moxA8dkxTG9JyZSsqzUpK7OCHNHs5r5co3JW3Lf8wUViyQwYXGylkhCnapooakagdw+UScQnNlajhL5tSK0vqPPTXT1YBJYOblg5As51iUnSEBdP6WkIUUqXUVNFFqjcK9sW4xoVPQEBYYggEVNQQG5UyxpMc0IGFGMSWoGJ7wdi7Fv+3kd0bUxIjoTwF+M7Z5D2gEGxZ2zyHtAXjU6hzjcrye2nmPaNfR84rlhRZ3INCmxIsa6eN4ySe2OY9o0dFE9WHDF1UylP6joYVLQ2RDwoxHSWIQsp/DGYCVZClTOAf1EghJ5sDoXOUWlY7E5SVYba0AWncqprvCaf1XjLZuIgQsmY3EBRH4Z07LHOkE5gknkzqDasGN4BO6QxYUpKcI4c5VFaGalw7ua+kQOlCjxBUWA+tCxWPxImZThvy6AKzCrlIcsS11G2lxG+VMpmUyaWJtvD83hAu4tA8ZJzJKMxDlJDf0qCmO9JZiNQTBEhqwMKcn1+7oqFkvoZGYkrUQoGhYpAKyug3gkAEaCD/wAIASodbMUFbzUVSaLG0GyUL3UolyY3s8EQdNCISsEcroXKX65ejuxB/mO4DXE0izUTueGWBw+ROTMpTOQVHMWNg+vO51cuSdSWP7QNt307/u+CCP8A4jgdPERyS7HziCaPZv2gLMQYlW+LorFG0iKl4qIlNogmA5osYq0S0ULsZ2zyHtAYNjO2eQ9oDGp1DnG5Xk/zBzHtBehf5Qv2l3c/rI+/RApPbHMe0aujQ0tq3VcN+o6QqWgFEvEBanWgoOZgQXTVZTuehQD/AMTzMFGJoypQOYk0VVNMo883gRzis3BTs7pnkJJJIIdtp0hPCu8W1DJF14WcoIaflKXdkg53A7VgW2tBd2BEYbapWfKM+XNrlcB/EPu84I54ef8Abn9svlYXEChnhScpAJSAQo2Lasz1NXNNYtIwc8F1YjMHqOrTqG/vugNqVlrB+f8AaAql5kpBAIoed708fSM6cFOQrOvE5khyU5AA1zrw+vGlC9lLkOaWNSx0fx5CLCSzyMKpAAzkgGxOjWNKtX6aQMKosXAqVUoXU9y24tYUPCutbtceR4cefpFZYLCo8jpTfGsp2llEYVakFKyXJdwSkgPssRUWehvS0Ww2HKSTmBoAzsAA4AtQPm/szRolvvHkd3PfFEYdi+Z6vUDeTo28+NYmUtWZ5mDKiWmNUmhD1pu3Aem4GLdYzIKkuwHaDlwA9q3/AG3xIwSQ1nys7doblVs4FOe+LHBBTkmr3azMzHgz8wN0W8e0s6QokOwqAb7xy5RWehZDJIBpV9AoFQtRw4fR4mRhygZAaJASHrbx5QQ5t48uHPfEkgukJxWUkzJZJSGYGhzA5jTUOObRpwYngqMxUtQo2Vw1A9x9/a4nJCHKkgAByQQ1HueH3SCZm2SQ7DTw37/eJZVklW4ef9uXn54zgVUaYpI4Nvfu8frmNqQd48uXHnEF948j88osTZLOdW4ef9ovFK7x5H55xd4il2L7Z5D2gMGxnbPIe0BjU6hzjcrye2OY9oP0OB1VCSMy7/8AMg6nV4BJ7Y5j2jZ0fJKEBKmd1WJIYqJF+DeMKloY19FoJUROWkkqfIoBsyyd13JTySBpBpWCCVlfWrOZRoVbLuTl5CobTwDSromVnExjmzZ3cgZnd2s+nKkZ/wD4/hwGylt2YxhszKS1z6fH1ohNRRX7fH14xI6GlMxzEOSHIo6QlhSzAM9min8Dk7lcsxqbOd5pAMloChlJuLUrRjpGM4OXnD1WNpLlzd9as4PmYhXRUvMVAKdWd2J/WGPv4kxVHRMsOU5nLvtGxDEAPShpu8S9iZglsCdHJ8r2u0UysWJ14engPSMaeh5QUlaSoMXvQ32SDpXSogauhZCQ+UuGbaNyaeZYcuDwRumpCklGc7QKSxANQRQtQ0PiDujFK6NAUHnrepABASK7YSmpSlyQwNLaRmEvDBRXmIUoKJqqy81eHaNrRbCYWS5mAEEOuoUwvUB2DgksN43RrCfhlDV/DXUVGbN7eYDNQO7jlVuQENJSC3aPp8Qvwk3O4dlC4BBHgWD/AHfBsJisy8m0Gc1IqxoQGsQda0trEmmSJaJqeP7fG6kUWkszmtNN3KM0/FsCVPR2CdoliUgnZDOU+ZjTJBICnIcAjldrfWES0wKJwCKGtDStBUn3I5EiInYRK3KnL8fjkPpLlSCzOfTc3t6xKk8T9++kLzdQsLhEy05UUBL03lq+kEI4n0+PrRbJxPpFW4mG5uJA4n0+ItFcnE+nxFgmAXYztnkPaAwbGds8h7QGNTqHONyvK7Y5j2ho8K5PbHMe0NTCtaGBfSMrMpOYukkKFXBcAUvUkM17ilY6X0jJL7dg5Ln+rjdgo/8ArygSekpGZSShj+ZmJSliEEhdr9gnye4gcjpDDlbJQxS7kIaqQrQX2UqbgeJEYbHX0rJSWUopNCxStwDZRpRNL2oeMVV0vh6OshyRULFswq9hsqr/AEndFP4hhgCyRsEOAgU2gh7NqOPDSNODXIWnMlKGJfspFWc+NTXnAQrpGSACVgOHDuGa77rWMHwmIlzBsmrWcuBYOHo4318YpNkygHyILBgMoJo7AC93pziuCCWJKZYqwypyggJG/m3JoW9jUuXqPJzziiUpqK8nMZ8ZjJUoAqargMl7BRNhwV6wTDqRMSFZQAbAs9x7tXlAWMlN61L3VoefpaCBNdbWc/PCMYU62AGVyC6dAk1Bsz8becdjekJMpQSsnMa0S7dqpPNJG94skKjFuCSkECrhRUcpBUWpuFt7DkWXiywOTZNiFKOgNmzaEWdxasV/i+HyJWaBWZtkk7LO7CmnpBJGOlTAcrWq4ajqFDrUKtxi3j4WVRPzKAy0OoW+gNvEjg3KNplj6T90herEMvKEg9nQ01VXfshuN7QOb0vISooVQhx2XBZJJZr0DeIiVQQYdWOPmfusSlGtfWM0jEy5ic6WIc6NUEvduPrximFn5mzISAQ/KwYg1d8otoeELDWUDj5nlHBA+vzhbK6ZwyiEg3LDZLV8KDaIq2sbMQsJAIAJewD61tq/q0IBjLHHzMWELkYhVHSirPsqsd2jgAAu2+gYQzhMWIksxh2zyHtAYNjO2eQ9oDGp1Dn7leT2xzHtDVoVSe2OY9obQrapL/4ioLyGTM7QSFAEpbMU5iWoKA+J0Ykf8WUVMMPOalSk2OXTe6i40CX5TNxk9KinqM4rlKSzgE3JoCzXbnVhaXjJxP8AILMSNoA0S4DEammjVcRhpuz8/Ix3Wc/I/dYXScZPJAVhyASxOdNA971YaatpaO/F4jM3UMlxUqFmDjmCT5eYMc44+R4/Edm5+R+IgK4GJC+BgKlSSxItUULimlLxcTOfkYHPUWoC/J9ecATPWpKmQUkWdjVnqAbVGu+LEXEmasK7KlJKuACQwqzOak04GOxs+YD+XKzGxLgEgOwqNCXruNKh7SZq3IKCAGYuDm3lhbTzguc7j6RdT6QOfOLN1Wdw5BpWjBiK+zc2FJxSswSpDEhyQdwZ2Z9G8uUacx3H7/j1jhyMS8KnrBavkeUcF618j8RObgfv+I7PwMQQMooAwrYNveOMzn5H7rHZuBiQrgYDus5+RiM+lfI8o7PwMWzcDAQFjj5GJMRn4GLJgFuM7Z5D2gMHxvbPIe0Ajc6hzjcryu2OY9oatCqT2xzHtDaJW1Qrm4H0+frxGY7j6fP1osY6MtK5uB9Pn68Rm4H0+frReOaArm4H0+friKgncfT54+kXjiYooFHcfT54esSF8D6fPH0izRAEBGfgfT5+vE5+H7fPj4R0cYWEdZwPp8/Xjs/A+nzEmOhYQVHcfT5iQeB9PmJEQkQEBZ3H0+Y4HgfT5i7RzxBXN/SfT5js3A+nzEiJgK5+B9PmLxUrG8ff8jzEWgFmM7Z5D2gMHxvbPIe0Ajc6hzjcryu2OY9obPCmT2xzHtDdoVtUIEdCjEdLzULKDhlqqrIUVzBJuabJtTxBLwNfSuICCr8IsqdICXehzZjbTLyqK1jDR00c8KVdLTgpQOFmkBSkgpq4CyEq5FLK84Nh8ZNVMCDIUlOVys2cpSWHEEkNwvRoBjFSIkwHFTVJQVJTmLpoNxUAo8coJUwqcrC8AUxwhWOk5u2Pwy3SFZSaJUUgW1Yl2ppaIT0lOKUqGGWNtaVJPbCUoKgoM4ckZOZo4qQaJjjCVXTU5yBhJpZIdq7ZlpWEiztmyk7xFp3TM1syMLNUHmJ0BdBSAW7qnX/1o7vAOTHAQpxfSk1JUE4aYvKxDfqGfKWLdrLtAW4w2EApxeFUk5vxPVpUS+YhgSSUhLniaPpuoNGZKpbKmpUHS5dJfMXQl7EEFIFK+MacRh0rGVQoFIVuqhQWk+CkgxlldCyUpKUpIBUlZ2ldpCgpKr3BSPJrUhoZ1ywsDJiggOpIZmUpRJIFdouTvtvBgspKgpebEpKSmg2QU5je9mYAvGLpbDhIZGFVMCJiJyQlSw8xRIKkkAgFN2J1eByMGEozfhalSpRSorLSjMKmOycyHSFAEMAsgauuN60IbLLxCUEkPlZVGVQsaAsa07ETKDJIVigsKS47L5UgklIBL+toTYTCj8sjBzE5yjN+ZMdHVzQlCipq7Exa3dyMyVaw9/gcjZGSic2UOWGd8wZ2baUGsAWFoX9i8rDIJosEgl2yuHKTXUGg3XEboyYLo+XKJKAQSlCSSSSQgMlybkCjmp1jXCZuFmM7Z5D2gMGxo2zyHtAY3Ooc/crye2OY9obGFMntjmPaG0StqgObNawc1O6guSfEecVw+IzUKSk7j4VHmLteJnbLL0AL8i1eLNaMgxWZbpSopABJDGjKFnd9oUZ6Gj0hEXhZlvIiFrYfsN50EAVi6hkqIepyLYCtmDqLhqWvuciA5zEN3RuG88T6DxeWttbiPEtEARxiCGiJigASdA/lFhAMSHVLH9TnkEk//bLFgWROGTOWAyua0FHLnhBDGT8KEhKUoBoxUW0DOd548TvgyJRZszDcP2c+zRZiAZ9I4RVEsCw5nU8zcxIjIkxwiWjhAVUQKks0AGMTuLb29r+kRjVVA8fKFsyYWpoC50BFm0Ig7UURMXk5EwM70iQsf5p4wmwCVqU2dgpDlmNAzEbrmtXfhDNElADX36vzaDHUoxmw6SCH0jir/EUKDRnG9y/uYslLQYLsZ2zyHtAYNjO2eQ9oDG51Dn7leT2xzHtDcQokdtPP9mhvCtqgBGIQt0u9wQRShyn1pxiXQkAAX3Al+NPCvKKTMDLUQSkEgML2Fhx184IrDpIAagDBiRQ6UPCJ4VaWoEOK0/xAxikEkBQJFCNx3GKJwSAsLAs++51vuJ84mZgpZunV7m93vfWH6V8imaAQN7tQtTjYRImAkgGovwf/ABFVyEkAEUDMHIFOV4rJwyEPlSEvduFongGEDlzAoOHuRUEWLG44QSM8zAy1M6Xa1ToSd+8k+W6EW9gq5oSzvUsGBOj6CljEKmgJz/pZ3Y2va9og4ZBSEtsgENzBSfQmKysIhKSgBkl3Dk3HE0DaQ8AyS4Br4gj0MdGaZ0fLUSopqQQ7nUvv3t5DcILhpORISNP3Jc+pMPAKIiJjmiAc6VmHEfWhPNwyyeysVNGS1KCtmMPI4wdaOrNBZgMJMTtKTLKiG7Siwu1mvu3CNeab3Uf9j6bMaBHGDFVU1TeWcGbuR/2V/wDmNCXat+Fo4RMGSzG9s8h7QCD43tnkPaARudQ5+5Xk9tNXqNbHcfWvPdDcwgd3IG7UAv7et4OZ8yh6wsdNlxz+f2jVVNymqxvEtCfrZn+4ddB8xPXTP9z0HzGcOVz4NjHQo62Z3z5D5jutmd/0HzDDkzN46FBmzP8AcPkPmO62Z3/QfMMOTM2iYUdbM758h8x3WzO/6D5hhyZm8dCjrZnfPkPmO62Z3z5D5hhyZm4joUdbM758h8x3WzP9z0HzDDkz4NxHGFAmzO/6D5ietmd/0HzDDkzNhEwo62Z3/QfMR103vnyHzDDkzN4mE5mzO/6D5jutmd8+Q+YYcmZuY4QoM2Z3/QfMT1q3I6wtvIFeXGGHJmvjf5l2Gy5drW8f7wBzuihP6i5qDUivpbg2oivW/wBKvT5jdpYu/9k=', '18/04/2024 - 10:05 PM');
INSERT INTO `document` (`id`, `documentCode`, `documentImage`, `documentDateCreated`) VALUES
('96af6653-16', 'hhhtt', 'data:image/png;base64,iVBORw0KGgoAAAANSUhEUgAAAOsAAADXCAMAAADMbFYxAAABp1BMVEX////29vb8/PzQ0NDMzMza2trU1NTu7u7Gxsb19fX5+fnJycnS0tLNzc3Dw8Pf39+9vb0AAADn5+fr6+vj4+PZ3/O2trb///r/+v+xsbH6//+lpaWpqamampqPj4+Ojo59fX2Xl5eCgoJycnKEqu+RrvFkZGRbW1ttbW0qKipERETu//9MTEw3NzcgICBfX1+wt72qutImJiY7OzuigYPwrKufr8gRERH0nZ/tgYXz+f+Vk570w8D21tbu1s345efwkpTchZH/8vnxz8/35uPgkpqSu+8XISG/ua+AS0uebG3QoKGzjIvpsrZtMzKseniKZWCvcXU2AADy7uORXF3swMGKOUCcXmC+mZZwUET2ysTNjIrYmZf2rLd2hYJoVVHLtLLeyMi+h5a1nbjmh5XwmarcmZaRoM3znKgAFwiUiZajo6yVpqLQuL7Os6bSqKHz3tKtXWb30Nufs7K6ysK4rraYIyHHZmT5lJH4kaLQdHDseYHFQ1JxZm9sWGVIPEXQ39fcdouzTlrZoK3mvc1HVEyyoqzBVVPacG/ejomjhovAyevF0u0KnuySAAAeEUlEQVR4nO19i3/bRpJmEUA33kATwDWJ9+uOpEXa8sXLiZ4m9ZrLJNFms45ufZ44F+8p3pydXGYc+5KZnGflTHayvrk/+rrBh2jHli3HkqUMvx+ERlVXV3cLIFBoVHUDzDHHS0N+CRm1duLNeL2Qw2eyCR0f2L1owgtdthMOZaxxzpRFe/asDkzh+RCOyDsBqJ2okDMaexdt346SOAR0wesRI811UFk73YtKgoH/L6KOseDGfiEXBSPS2O+ZZZgmcgHoohw7YR7TIqctpa1CzsTbvpomhdWmUbGYR5C3hBRkH+hFwUjHdUdHtOsk0PLBbYVwQS/qOqoDINDqtQtG3ZXrEF5iAvSSyViEncE2egvXwW/FOXBJ9wJuKXEMPqjlJV1isk6c0JZ8Cey6xy6KtmeHqXOByMICUkG6UkgQXwKxTcOMqbUpdZ99NZ0cFgg/BbDgG2HdeBuikHXMfsusy2rdTeoSu87qMUT5FdbXnnLBegtIj/XV4v+FC1ab9zUCGaWXyEWIaVyEHfktyEvem3oOceJcilkdGECXL6WQXNBFXBd5rh95Zlgjp9pXpYd8vOgtOCG0tZZVJMBO6CUzCcMktMMFUDO1buVaXQHaduvqgt0R2TUsLFDive21fKtt6WD70NPaRscvcquHLiHfrjsAuQJphi/glP1T2PXqekXoRQvU7cglq1elaeb5p/yDlbEA3hVQHX6nQOy+IruO44LtgafKjqB6muM5AuM4DCpcQeyAFUNuzWGC4LHLVfaqsl4l4jgey2K3cI1d1I6cx6rGC3gyaFyh54LM7++Xie+HMtUlERm6RRASJUXXTYR0y1IQNiVdlxiTESIWTZZnYvtFXXkpCM5Li7rHVC2rz+bvLi0tDXf+43Hw62NW/dKwiVKD0OOHiov9CRsRMv6NITzpDUGWVB1p1uiadHW2e8GNpyYPVja9/3AsvN4eHsKro7fUhIJdg4L4ieaOriBi9XRXlV3Qog6ML6q61ooEG1wP3jIEUF1HvegI7LeoekfoFwIIGtXRxGJxG0e3qPGC/FeHVccX87zHnqOQ+p2edaG0qh+q2IYsqkdwMcrKNGcdFKAeLliLi+al0l8oE/as6eGLbb2e+63yKMOrNr64hcm92H+u6EmD3Y3/S0oulDSAlJY9q+VHkCasrz1GL7AnEcoWaAfCQoM6lKRY1BdIyP41IKUZaRf6W2F4gd+engcx9JXqwBtbFLVQPW07aoJ3fvPue3u/eX/376/D333wD//04T9+tMuuoeDa+x/tvff3v1kHWkQoqW5U9kfXP3r/v/7m+kf/xOTe3bb+8d33Pnr3+rsfXf/wv/0QPFd/R4NWFlp5GLeiLIQ49n36oqft87X9HARwb61/Y+23fbYP9vZ23r+xs7a1zTLu7e4y9tr6jKiwu8ekmOgNXuTq1sf8YO0G227ee34NkWlHxV23wBm2pLsgfvKJm6uqWlNlWWZplUyJcfoy7yKv1Ft6eQyfjg9phZnDMcjlGdDLhyTuNp+rX7v+3wefvnPr0+1b7996558D6dPtf97+H/+Z4Ve/+tVhMiYm1MqJ3Z4mvZ5sx8fzuwp7Nx/fvrn/8cf7n/c/29m9trdze/fmv/yno/HrE+/ryaAbMHT5xnYQ8L9m0Dgab7rNrwohCJoVhCY7+0KDc9htWDgKJ3NvmmOOOeY4D8D5s/lK+my+VBz3PfeNQ1AFZr8zCz6moAnsqDLmaxonasC22IWUWbGaJjBZjT8ztJEgFeI3997yKiBXaJbq7AUOQgROvQ0kYy9AvTRue/XCq6e0rsg9lNcNmWUt0IzldvJ6umDWfa2Hj3jJOXvw6uxlnNT4vt4BoHWVvdNBr2Avt3CJQp04dRlywL26SmQuxf4pnlZHjsqI51z0ZxV+Xau5sssaTnzWK7hyEbPLtV5dmxdacZ3yviagO70r1KqrmuuyU6nWMfAiyZtu/fFg1F242OInqRPW2U2Ivs259ZwPEU7PawKSq9YLm8n22jDqKz/Jz7lpnVkULedKiuqKH0JSdyCv85urXickVOtJrR7D2ymlEFqASygWvV7GslGdAryVkdP+fvGz4Sge2J7n2WzvasirBss0nd2oPMa2BUGyx2PK7JeqV0NtnA2CiN5sw+c4BqxxGp/UWMgZArGxTzHvc81XNV8FFDE7wgRwfX/6j/iFIAyhDQvsHuxBtMCHc3tsJ9eh1gYpdc/dzehItHTo0Ytg6Rl74GbsRJpvixCSyGbWxUVYfNPNe63oiKxDJc6lnkCEuMUewHBFTZSe2ga3A+033bzXioK6ZRSbEcQ+s4/ZNZyHPlUg0/Uw14TzZjwcDUKPuAEflXcO8ZwvqXPMMcccc8wxxxxzzDHHHHPMMcezUDnFjI9HITNn+5ugoIImsJZWAwAaHKu5bhs6kw8LvgvgOdlZHkdAuRUjWYiB8K8jGMA8TlBHyy1VP4ZaofqRD2gRhSRNnNMNlHh5tEHGoRyFaQheO0Rpandy9aiwpSfQckqLUgXy0I1aIMSZaOb5mb2Oe6y7EYl0JQNIKEoUn758Y+UedMQiVMEt7KLNup6nSpEiHcCQTMNGCGMDIw8zAtmMEDG2OYV4jmgwAkmiUVGGyAhDFBGHIRnIQ7jaI8OUOMHEqyzTRA5Xi5lGRmCWZYgsy8HjKg2WZ9sTqqoS8QYgR0nsNDay0O0ALMZ6RuOwsBWehcaV8f2oAbii8KEj9cAZ3Bp8+emmpg4Gg/WBOti+NUBbDvvN1hg0TRslh4Q2ojRNm6Rj6mmi9kRySFSUUPuJoDZlHtbytI5m8xZi7fW2BkjW5Fu3vFu3BrbzrFoOk8PzOlheuj0c9vuN4e2lx5/vbm/0l5aXlnbOprtiM9hdWu4vDZeWhsNtdX+pP2Tb/vpLNjaAoMvdU5vd7grbWBoELAnOph+qIDR460ZbM6ia3A3Or9PsHK8FrsvMB5aKE4YpVN+BD6FObQtbZvftc+zRIL8tW9w5g4xuzYKV1cAVZyViZSrL7mkoPt32vVb4C4aXtv0kWlBzdupacRHFpV92KLMsoLZQ6nmRpa2WC1mY03bL63SQ8mKtZxICcf6nm36B48hos3u3lsdOHJZY+YQZJ+wunWE/zCIntjDQliXFRIrCs2wvHwl3NSBeq7i7uhrcCUpY+SRRVovVu5dX72Z3E1QryN07q6tKclmH8IvLD1bv3r37xZc6ECKKoiRZlm4gkVgWp3TLYoRCLMkUTd0iiogMRunMgrGYPA9XtXRmY5kWsURbVywem2qwLJ1ZNwrLMj1GWJgRiqJLGDM5BRmsmMJq0Xkt2KyKVZQp8losXUQiE5QM1hyml9XCqmQNYHUqVXOUiQkpBIMba/3/9eFvv7rR//CrXQMG6zf7PA7qRv+D6xvXu+69/toNHjLVv7G5/vnajf7ujd2b8tk0NF6IYHN3a51te3vr63vbDdBuXmXk1b29391bWx8Ezb31rT2Wu7V+K9j73dbuOpcdnNO+zjHHSeBU3dZUHnTsjF98hNcTsv8yQJX/Cx4HryNh9HeykBdwT6aVdeAiFJ5WhHCBc26IWtXwiYO4023n5GvtgFHkeZlGEIZxrMeFcgon12U2WS+LmE1mhjH4cceNk7SwTvpf3WF9DNNcTcAiGVwkpzLXUK0HclGYCbGuyC5IRkKxmtZOOq7BbfmRkxWplIIdh7HbiXTbUhQTo4kRYykSN1SYpcLMlpERo/xMu4mAEheQFCSJnJYOXl54LZLqcQjHspukF9hN4tN20/rW7taN/tZWP7i3tffB2vra1im85g+23/v93g1ml/TX1m8G2+sf3GQWzd69k7W0md20d7W/d3V3d129t7Z7dW33xnrjiBDq14RG/8bV3TVW69W9/vrmgKU3+le3dk96qJZPxLHCh5maTZYGKytBcAo3Yx6JvSIE3SYfN1oRVgK2ndTkCE9WPKolADiV6maqmcTvn04/fwbc8xXlV83hZvEhJO52H1cXr/vEsIPugPFkiamDPtFHc7F4JpwTXFSQ7NmGA3aamCpyJTVENhZcLENmI6x4EGaqodrY88DNbIx0F0B0PFugvsbsS+w5VPYMQMg967GrAmn5YpSEJch5QsMSFZnXLv0wSRGUcjs0S88rcZgv+mEH5CSOCjuHGBFm5Pi5kQGR/Mz0WzHxF53Ts6ZfDYIPb+shtUtQ09QLM4m2tCSxoyIEKIUUk44PHULTAllcJHJTI4EC4YKkkY8KCAnKLD+x9IxCjU/EosnyYaLWqqNJolVH42xN5QxZHUuprqq5kzIsqY2yf6pLm6pkTK02W6PKlNQOhUcapk+VwP26a3fJ/cBf6VJ6/0vj6y+9r1d843L6xf2ueP/y5teXMRCcPvjakC53m/cJQpEVqLl730df6/JlWIk9nTIb5UGSEOQYluQoxEPEdC2LJQgplmMS7FmWK1LbI6KtExsT3dGpg6jhEgUhwn4XxMUUOVR3JIJtS7IN4tlMSaWLqVSQPVZCkEcsR7IMj+ieyJQQ0SWWjVhRnQlTls2PkG0R12AtotJhQMG9x0vLw6Xl24/X1/vD5cdL3y0Nl5eGw+H//uarzf7y8PFwf+va7sY3jDtculn7bHnp8fLjG1tsvzT89tvHf9hb//j2d0tLy0t//PGbG2/kwnx5BDDYrA3k5mDQaAzUprvZdAdNeaCqg02tMdA2XVXVgntabXtTYxxgnEFN1bSB25S3N9XBoBkMtoXBQNjc1Gpn9gP1HHPMMcccZwSaptYE9mSZJmxTBfZgEUYJ42s1fjSVYpTGs2uj7HEel5rVVZvVNVU55s8oqaRqTyt5MnmqXU8qebLGsYZZ4cO+IuTrDqG2QRWPMBPGN2xCHN3HNiWeQiWPWrbue5hKDqXIoJZnURuNsi0q2pQ6JsWer9uMb3IlPFtxCLENn49aMbtKZExH8pFNdWRRJHIlvod8ptLC2BcZ0zF97PiWo1ADUQVJXEnVLuwrnsXbJVbtomjcLnvSLp23C/uTdnlVCw3Ea6SG4yu/rEDMOeaYmfv0Dc2CenpwpgNH9CVft9VZb5j4GJ8K3uiURVqceHzCGRRHCtHSkfdS7ue5ATgtHDcO8xhB2JFTaTS/PiHgiGLVZorD0GCv8tUQdg0IK9yaKi7kkLB/SjZ9+1ETB+zsFLv2E8ht2aURd8ytIepGEp9PPjEA0UUoI9oD9liBnmt2hMThn5ZQJBXsdVmJLI/IVgtUTO0IR6oCHaxHPmS+bPihH6sQutQHnMWhwz9VWBrO/BjhSH6TXth4wacRFvgcHqkdJhHRocUeSSSPaEi9jkVNPo9/2yxRys5hUSN+hvzMD1GheCWQsEQ5TYkNMQ4J66sdF06WSSGENAzBZXKJ37GTCNyIoiyj9hv0GJIjK09DDzId52mUtOAKgJm5VlRbsJMQaOj7fu6z056ilsL+DTSiJfbb1A/bEbRsxS/zOJHb7LonmY+g48QdTEuDQExKH9wytdPFjluI4GaxV3YoMsFGtid7tm17nuPZCHmuwynbcxlhO45X5TnOiHJGhMcIb5rlIT5lEqc4YY+zRskki6Uu3x+ONwkHumCjzS7oFog28lDU1MDRAcuCh7AMKsIOyDLybnkogUCTHCRizzECEclNsPRAtA+QLtVWZNc1VA2JyEuhlISu7YVICxzRQNh2wprW9ZCBZb1h89n8XdV1XNeV+ZoAzihhpMpn+WdEBVkeUVXeRHCS5Y6Jw8K82KhwpdgdMTl1+Gi5t7y0PBzub21sDPlQ0/CPw431n579wSOet7yvDocsHX7H9xuDxoT69+XPhJv8cO+zIVf3f5ZuNj9j8vcG+5UE2/5w9RHLWR4uncrV+kwEoHUDLQj4F6SusNLVArb9VEwIBJZRfXEKuisC37RGEypptgVCt7kiVJlMhk+bWynUuoIWrASjrclFg2A+KDXHyUI9Z1MxHg9OFvlaXLneMJtHiUZBdWr1MU4oq7CzZyD6ibFXy5jtZc3Mc/OkgKayfOVZPuVSdGo/Ya0FMfUtZjwww0a2oigCy1NQLFgKQIYkS/WfXkzFpqaiMTtjhkUjtUWZgcQnLuXf73Tq+aKvHnqlZbhFa7Ft+Q6iMz1mr9567lL2Xn+SfZzA6SGcROwE2vgTnH8S+hhwRJUi1lNmYIh68YmGnypSSrSI1YXZV6JFp8x8/Eko8reIRULSXPSzXJGmX8sTKH2L2R04KXz9sFwkliTTk9woTraXFYKg57a/vLPYJHcePLRXHxKf28abD+/cWV2V4aGx+qeHDxQ+gyNf4IfvXWeQZJvZXangz3Bmn1TL/JS11fKB+fAhKaRN6EjKn+4+WO1t/itUdg0Xy42HD1ZX/7Tq3UlT2eGlXGbUeJH98OGdv/xl1b7DeS7X553Ua6UQOOZ9NRAxs5u6t/CBjbs4gGuBjboYgXawfR9t3m9647axhHXQS99JsWrVbNkZN9pxS0sVDRvha17uNDBWkvidAxuRRtVVXrKJD0R0gKQDo6BfuFN9tnhgoANDOjAHjueebF+ZRbSxs7+xv7F9b3/n0ecb+zsbnwu7O482NhhvZ/v2o539RzuPBk+UqH3/x419Jv3nQ9cg4fudnf2dzx/tDDeugbqz8dn3GxuPdn6/v7M1kdj7w87+Pq9qZ+P7/qGuvT8wVRuf7W9s/HBiPZwBs5q6zYYQNPgqCI0Gt4O0GreSus1ujdk5DcZ8wpLqbrICfDvkBo1uQ+OBasEm49cqQ6ymBbXaWIYp5rYV25j+w6UFRuygYjdPww9mvAqCIIwOApgcNZuNmRUSDiFMisy0LpgU4ispNKcAGPnACYw/4QnBVNss+3RcfviSFjBZ24K9zzbGvIA1lJu4FTWDRjAuMwthpKNan6kRjPXBNKwvGHlvjdTNVP1s9kmhNl7GsrIZZICXD4g+f/AWoHq4Vw+9sgZKrL78QmznDWkLuWFexFCL4rCQaBqH5zlk7igIRFkglBmI4CMtdtMSUfHFpc4n5BRyh5l8HXDbfqGnZWImEfBgd0lR9CqQXhKRLTICI2yaujiiMMaiqFcx+oqujygmjiRdNwxsGLoiYRubimTYGOtM3kZMXGSCjNKxJ5qSKWIeXaaYNjYk3TQMb1KlJPEIf1PRJYSxqZusFsPSJSYumlwJawCv0mBVmqwWXhefKYAxR1XyPF3hWaZlzsTmX1vfGgy2trddeZsdVUTjJ0vvwMz+uHhmqRczj6rsWA05PK+DYX93aWl36fb2YKPfX+r3+7d3B884/78AcEdpHuneDdg+WKm2MxqYP8frx2taQ/UNw0OApiMM0/UoXWMawQ6yBBCetxXCnwn1kqc7I/8MoWb7slbjS3HaOaiRLfDRI1nLBIEa/i/B3dDvSV6+GFudBCdxK17saGqvULKOFfu9VIIwwoullZUd+/zPxC9QtS6nX2M9g3+zW+DkuQwp9v2YfkEzRGAR3DQqbPU0BoROGu7dQPTKQl9d7a6CXuK7dx01uXyXYfXuqkXALFF4F5fmZZ0Yz4sxIz+JMRNfNjZfnMbmK8+IzSezMWbkqNh889mx+caTMWZr/aWvfv/Hj9f6H/y232fE2t7KveHa2hLb+rs3ha3+7pj9Rk/J60CwubW+fY9tW8xCXB8wYmsb7m1vcZJt17qDMXt9e25hzDHHHHPMMcdLg47NlpERMzZb+ADOYWy+fuzY/Je2m46e04i8zjmN5pjjbwO/MAfqo5YiPWoAZupcrR5nzuM3BRTFqq9l/LCW8Mmax3zWdt3meVCOOZUfkC4dlqQAfH1l349Uq/IKAcT2ZPzt69VD9mfqeK1wS5AdG0ee6NrQsiD0BKICSQ1MHdIB2UMoMkzZFloyIRhaJEcycSUZQUtKRQhFiAgg2SU+8pAqZzrEqksA0si2XnHURo4JOpGpDUgIBS1oLpZEZn1N/TJRFwEppZxZNIaUZkpIS0uGzNAzEUovzKxEL00bUjctQprAoqy1pTAqcR6BnOVhlKdeApGcha/Y1wzHcaS/WO7YUNuQYNZoixR8Pu0sLzMnAxxlZuw3/w1i45MkiqwMoKR+LkNHJ2kaU7PDLl8jjBNLApJDWw7Lws0IuAkpwrQl5xDiMrVB5vHyqsqTmjomRpQsj0ieVFmMqJhqbVEvUqIL6ozEuJQ6IzhVpc4ofroWvp92NYDuZUsm4n18YLCfGwkeWDJ1hJX76L7odWV6XyYHlnFgCs0Dlxw0AVvSl/fv3zrQu5sH9xXl4C8HzUC/jJFJ7jt+V+hapktEjwbCwYFOnAbm8157fO5t2/EQRoj7fzPKc6t5ru0qC3Gnb57lcsKrYWqLOqjeKMvmxTyHE0zc5pKcGmmqCHuSxRLHnmYxVVWdM77SPDaf+0H/uL937eONkffz2tX94XfD3atjR+flH4f767eHS/sb10bCwx+Hy9f6w8fD75aWf9f/9tvlb5nQv//xu8HWcGdUYnt3n+1/OFOTvASwqfKAyKbKHX02BU1tCupmA1S1WQuam1pTrTX5xNtqsNlU1aDJhZs1JrTZ3WzKNcZrBpu8OBdrBFxVFaAIWqOpafMhqjlOCfiEnt1nEeGMR6/z9ETKEnus+895B/QM79kZZxQx0X3dFmVwsKdJths6tnv4TNJKKbfVUEUSIPxkyJSDbbWUkWmfm2+zRAE7yjKlBX6Uxbj0SzubnW+r4+UFSUgrVsL2k+87Vl5KMW37UQnnAwGOA301uxNkYIkFSb0ic/NI0GrM8uDLPEAH0ySP/YKYJYWKzflsr4nMRAr9UpSKSpKzzvTLH3ukfvrOVvjpP1zf1rBJ8rDQLU9xmBWCucnDLBBT14liWdSkSUK4lVMZP1g0+UREImEZxgMd8WVJRGyf8TD4wf7nOzv7v7/9aPuHnZ3vv/l+Z3/j++X3JkZAsN0f7mzs7O9w9jfvPWEbrO2Mc3Z230C7XwndKjCsC11NlbWGLDe21cb0m1zQ2K41ZPVpdoWGPGiocqO2rQpnyhQ8AjOOzcJKhebKYaYQrEwww64gBOM8QTj5iTJfH878VIxzHBeoAz53omXPVHcBFWMLSltk5HkYLTseysKWqZ+zh6ffxpEdxzKJHch0PXb1s7qa2StCsMLSor7Eo8xyMY4K0c+ZIdSL+ZQCZ9o2OD5qMbRQEcodUNKyiItM91uxBq3MQwUoVew8HysZD4FUIycep6bjHF41BDIaEPG8mYGW0QgLQk416jImxmMw9pNjMJUmNB6DmVTpzVDjWmYaMB1oqewexpsQ41rQdETmMDZfPlDdmoeuHaiBh7YdD9skfkdZ8RAKcc0dDWbJsiq71QyV4xGxEWuSNUNNmFO5STF3VsKdlpqR4GNsz6hFlWeTaZb7dC2y+jQxqsWduTjvfcdnfhwOl9cHy0s86H64/Hh5d3NjuPTj8OYbudJODHwdM+4f3eVBY1BZUAHnQLDCyF/Y73WOOeaYY443DO7zo1cuNxOfH71yual8ftDIAQdPXZV1Sx9RYy8fBSODWJPFMTDCimVJ0uxyGBISzUOfH/PQ50dRRlVyx57KV1rylMrnx1R4czBWmOLK54dXKY19fqYeQKY5sx6HYvLos7HPjyLxxk0bMH9wzjHHHGcb7JWncimYfoRyhBniCWiHQ918dVT33Dk1Ohe0KjbfH9+acVmDJ+cwTCZUFoeTIagcVw5Q5w1xGzlx6eekpYWj9V9pnJIs1aMCoNYqcBymSVbKECUkTqI0J2EKhEaZE0fnLKJQIPiCm6ZeHJFMZSRf/9XvYCWjPp9pIsOsVyFf/1UtPBJ1LLuIfAusC5rcOjdLyUzgFhC67SJOC8iCDKCTWUUni6PSZ+fagRZNszK1ssiCrMjLMiGdsEMhDDtQgI88/Ui7yXie3WS+mt1k/Dy7abC9tffl/33vq8He+1/uKeAMtvYG63yB1L/79L1PVXd7bYtx+Hqp8vba+mBra7D+0ZfXB4Pt9fc+HPz1r//vPHm6BJtLu3v9/tpuf21t6ZYGm3/eXeuzjZG3d38ItJ0qso4LND7bq4TWbuz0t7f7/Ru7f/6XX//1XPW1is2vZmtc6WoNaFYLjPGNsRsNPvQUVCH7fJ6ilelWJQ0+Oc6b7sAcc8wxxxznCESqBpX4VEEGs14QH9PhUwUhZgFVVDX4JDGCmSGSVFE8nAwbplkNRRksyzAMkU9cxI0jRRQNbggx8wYzymQ6FB5+hiUef29gkVO2xPVyy4rZWVxCYSaVx6vEWNR1blKNG4ClaQMMbhzxyDRGKawSkbVbMqoGiLw5TGJUpWiIrE4+CRMzus7d69hrgPa3A6j97eDVJto6n/j//tfocGtTpDAAAAAASUVORK5CYII=', '18/04/2024 - 10:06 PM');

-- --------------------------------------------------------

--
-- Cấu trúc bảng cho bảng `into_warehouse`
--

CREATE TABLE `into_warehouse` (
  `id` varchar(300) CHARACTER SET utf8mb4 COLLATE utf8mb4_bin NOT NULL,
  `intoWarehouseCodeDocument` varchar(100) NOT NULL,
  `intoWarehouseItemsCode` text DEFAULT NULL,
  `intoWarehouseItemsName` text DEFAULT NULL,
  `intoWarehouseItemsCommodities` varchar(100) DEFAULT NULL,
  `intoWarehouseUnitPrice` text DEFAULT NULL,
  `intoWarehouseAmountReceived` text DEFAULT NULL,
  `intoMoney` text DEFAULT NULL,
  `intoWarehouseUnit` text DEFAULT NULL,
  `intoWarehouseSupplier` text DEFAULT NULL,
  `intoWarehouseNotes` text DEFAULT NULL,
  `intoWarehouseDateUpdate` text DEFAULT NULL,
  `idRequest` varchar(30) DEFAULT NULL
) ENGINE=InnoDB DEFAULT CHARSET=utf8mb4 COLLATE=utf8mb4_general_ci;

--
-- Đang đổ dữ liệu cho bảng `into_warehouse`
--

INSERT INTO `into_warehouse` (`id`, `intoWarehouseCodeDocument`, `intoWarehouseItemsCode`, `intoWarehouseItemsName`, `intoWarehouseItemsCommodities`, `intoWarehouseUnitPrice`, `intoWarehouseAmountReceived`, `intoMoney`, `intoWarehouseUnit`, `intoWarehouseSupplier`, `intoWarehouseNotes`, `intoWarehouseDateUpdate`, `idRequest`) VALUES
('5ae1b687-eb', 'fdf56', 'MH-33e74d5a-ad', 'Bột mì', 'Hàng tiêu dùng', '51000', '111', '5661000', 'kg', 'NCC_O', 'vv', '21/04/2024 - 2:25 PM', '9318d8a9-4c');

-- --------------------------------------------------------

--
-- Cấu trúc bảng cho bảng `items`
--

CREATE TABLE `items` (
  `id` varchar(30) NOT NULL,
  `itemsCode` varchar(100) NOT NULL,
  `itemsName` text DEFAULT NULL,
  `itemsMaker` text DEFAULT NULL,
  `itemsWarehouseAreaName` text DEFAULT NULL,
  `itemsCommodities` text DEFAULT NULL,
  `itemsResidual` int(11) DEFAULT NULL,
  `itemsResidualMin` int(11) DEFAULT NULL,
  `itemsResidualMax` int(11) DEFAULT NULL,
  `itemsUnit` varchar(100) DEFAULT NULL,
  `itemsUnitPrice` int(11) DEFAULT NULL,
  `itemsStatus` varchar(100) DEFAULT NULL,
  `itemsDateCreated` text DEFAULT NULL,
  `itemsDateUpdate` text DEFAULT NULL
) ENGINE=InnoDB DEFAULT CHARSET=utf8mb4 COLLATE=utf8mb4_general_ci;

--
-- Đang đổ dữ liệu cho bảng `items`
--

INSERT INTO `items` (`id`, `itemsCode`, `itemsName`, `itemsMaker`, `itemsWarehouseAreaName`, `itemsCommodities`, `itemsResidual`, `itemsResidualMin`, `itemsResidualMax`, `itemsUnit`, `itemsUnitPrice`, `itemsStatus`, `itemsDateCreated`, `itemsDateUpdate`) VALUES
('1cdc1bb7-d9', 'MH-6ec217a5-95', 'Chổi', 'Lãnh đạo', 'kho 3', 'Vật tư', 0, 0, 0, 'cái', 20000, 'Đang khóa', '19/04/2024 - 1:16 PM', '23/04/2024 - 12:36 PM'),
('4c711422-e6', 'MH-33e74d5a-ad', 'Bột mì', 'Lãnh đạo', 'kho 1', 'Hàng tiêu dùng', 0, 0, 0, 'kg', 50000, 'Đang sử dụng', '19/04/2024 - 1:15 PM', '23/04/2024 - 12:28 PM'),
('68543df0-cd', 'MH-94441f68-ec', 'Ly rượu', 'Lãnh đạo', 'kho 5', 'Vật tư', 0, 0, 200, 'cái', 10000, 'Đang sử dụng', '20/04/2024 - 10:26 AM', '20/04/2024 - 10:26 AM'),
('a99e2d68-6f', 'MH-bd2232dd-78', 'Nước ngọt coca', 'Lãnh đạo', 'kho 3', 'Hàng tiêu dùng', 0, 0, 0, 'thùng', 220000, 'Đang sử dụng', '19/04/2024 - 1:04 PM', '19/04/2024 - 1:04 PM'),
('b34bdc60-fc', 'MH-1fa2d48e-7e', 'Ly cao', 'Lãnh đạo', 'kho 4', 'Vật tư', 0, 0, 0, 'cái', 4000, 'Đang sử dụng', '19/04/2024 - 1:17 PM', '19/04/2024 - 1:17 PM'),
('bfce0a20-77', 'MH-91af8a3f-10', 'Thịt lợn', 'Lãnh đạo', 'kho 1', 'Hàng tiêu dùng', 0, 0, 0, 'kg', 25000, 'Đang sử dụng', '19/04/2024 - 12:39 PM', '19/04/2024 - 12:39 PM');

-- --------------------------------------------------------

--
-- Cấu trúc bảng cho bảng `member`
--

CREATE TABLE `member` (
  `id` varchar(30) NOT NULL,
  `memberCode` varchar(100) NOT NULL,
  `memberMaker` varchar(200) DEFAULT NULL,
  `memberPermission` varchar(200) DEFAULT NULL,
  `memberName` varchar(300) DEFAULT NULL,
  `memberDepartment` text DEFAULT NULL,
  `memberGender` varchar(100) DEFAULT NULL,
  `memberAddress` varchar(300) DEFAULT NULL,
  `memberNumberPhone` text DEFAULT NULL,
  `memberEmail` text DEFAULT NULL,
  `memberStatus` text DEFAULT NULL,
  `accountCode` varchar(100) DEFAULT NULL,
  `memberDateCreated` text DEFAULT NULL,
  `memberDateUpdate` text DEFAULT NULL
) ENGINE=InnoDB DEFAULT CHARSET=utf8mb4 COLLATE=utf8mb4_general_ci;

--
-- Đang đổ dữ liệu cho bảng `member`
--

INSERT INTO `member` (`id`, `memberCode`, `memberMaker`, `memberPermission`, `memberName`, `memberDepartment`, `memberGender`, `memberAddress`, `memberNumberPhone`, `memberEmail`, `memberStatus`, `accountCode`, `memberDateCreated`, `memberDateUpdate`) VALUES
('064f2211-72', 'MTV-83801824-9a', 'Admin', 'Thành viên kho', 'thanhvienwh', 'Kế toán', 'nam', 'sad4545', '09878787', 'kho@gmail.com', 'Đang sử dụng', NULL, '18/04/2024 - 1:27 PM', '18/04/2024 - 1:27 PM'),
('07be9987-b1', 'MTV-cb957992-c1', 'Admin', 'Thành viên', 'thanhvienkit', 'Bếp', 'nam', 'dfs44', '0987676', 'sad@gmail.com', 'Đang sử dụng', NULL, '18/04/2024 - 1:26 PM', '18/04/2024 - 1:26 PM'),
('193ceaa2-86', 'MTV-bf13699c-90', 'Admin', 'Trưởng phòng', 'truongphongacc', 'Kế toán', 'nam', 'sdfs676', '09898787', 'argt6@gmail.com', 'Đang sử dụng', NULL, '18/04/2024 - 1:29 PM', '18/04/2024 - 1:29 PM'),
('2a4a00de-c1', 'MTV-80619ad9-77', 'Lãnh đạo', 'Thành viên', 'lê văn D', 'Bếp', 'nam', '99/99 Khánh hòa', '0987654322', 'levanD@gmail.com', 'Đang sử dụng', NULL, '14/04/2024 - 8:58 PM', '14/04/2024 - 8:58 PM'),
('329ad526-8a', 'MTV-87e483c0-c7', 'Admin', 'Thành viên', 'thanhvienfb', 'Nhà hàng', 'nam', 'sad32', '098754454545', 'asd@gmail.com', 'Đang sử dụng', NULL, '18/04/2024 - 1:26 PM', '18/04/2024 - 1:26 PM'),
('37c7ee78-9e', 'MTV-2232dfd4-9f', 'Admin', 'Thành viên thu mua', 'nguyễn quỳnh như', 'Kế toán', 'Nữ', '190/22 ka nha trang', '0909222333', 'nhoksky100@gmail.com', 'Đang sử dụng', NULL, '09/04/2024 - 3:45 PM', '09/04/2024 - 3:46 PM'),
('41fcfa3e-99', 'MTV-6c26bf6c-75', 'Admin', 'Trưởng phòng', 'truongphongkit', 'Bếp', 'nam', 'sfsd676', '09098988787', 'sds3443@gmail.com', 'Đang sử dụng', NULL, '18/04/2024 - 1:28 PM', '18/04/2024 - 1:28 PM'),
('6103dacc-27', 'MTV-be2008ac-ff', 'Admin', 'Lãnh đạo', 'ali', 'Giám đốc điều hành', 'asda', '??', '090909090', 'ali@gmail.com', 'Đang sử dụng', NULL, '31/03/2024 - 9:49 AM', '31/03/2024 - 9:49 AM'),
('6c01671b-86', 'MTV-802ea7bc-9a', 'Admin', 'Trưởng phòng', 'Nguyễn thị A', 'Buồng phòng', 'Nữ', '656/33 kj Hà Nội', '0909999888', 'sdttere@gmail.com', 'Đang sử dụng', NULL, '14/04/2024 - 12:36 PM', '14/04/2024 - 12:36 PM'),
('7655dadb-e9', 'MTV-f0fc9b3e-51', 'Admin', 'Thành viên thu mua', 'thanhvienpur', 'Kế toán', 'nu', 'dfd565', '09098777', 'es@gmail.com', 'Đang sử dụng', NULL, '18/04/2024 - 1:28 PM', '18/04/2024 - 1:28 PM'),
('7ebe3b42-38', 'MTV-b7fec4cc-2a', 'Admin', 'Trưởng phòng', 'truongphongfb', 'Nhà hàng', 'nu', 'sdsd6766', '0909787878', 'sada@gmail.com', 'Đang sử dụng', NULL, '18/04/2024 - 1:29 PM', '18/04/2024 - 1:29 PM'),
('860caedd-d0', 'MTV-b87bbfc8-03', 'Admin', 'Thành viên kho', 'lê văn tí', 'Kế toán', 'nam', '90/90 đường 2/4 Nha Trang khánh hòa', '0122343212', 'nhoksky100@gmail.com', 'Đang khóa', NULL, '30/03/2024 - 3:06 PM', '23/04/2024 - 7:13 PM'),
('90420495-c9', 'MTV-3643855c-88', 'Admin', 'Admin', 'lê tất cả', 'Kế toán', 'nam', '99/99 củ chi nha trang khánh hòa', '0909090909', 'nhoksky99@gmail.com', 'Đang sử dụng', NULL, '30/03/2024 - 1:20 PM', '31/03/2024 - 9:51 AM'),
('93a72698-fa', 'MTV-19f8cbcc-da', 'Lãnh đạo', 'Trưởng phòng', 'Phạm từ Trần', 'Bếp', 'nam', '00/00 Thiên Âm', '0987654321', 'tutran@gmail.com', 'Đang sử dụng', NULL, '14/04/2024 - 8:50 PM', '14/04/2024 - 8:50 PM'),
('d39eb8a0-10', 'MTV-f63013f7-41', 'Lãnh đạo', 'Trưởng phòng', 'Lê văn N', 'Nhà hàng', 'nam', '23/4 kd khánh hòa', '0767565444', 'sdsd12@gmail.com', 'Đang sử dụng', NULL, '14/04/2024 - 1:04 PM', '14/04/2024 - 1:04 PM'),
('d5ddc1b3-90', 'MTV-f3d794a6-d4', 'Admin', 'Trưởng phòng', 'nguyễn văn A', 'Kế toán', 'nam', '909/222 nha trang', '09090222232', 'nhoksky11@gmail.com', 'Đang sử dụng', NULL, '30/03/2024 - 3:40 PM', '30/03/2024 - 3:40 PM'),
('d78cc447-10', 'MTV-80df5812-19', 'Admin', 'Thành viên', 'đào thị B', 'Lễ tân', 'Nữ', '22/22 nha trang', '0988766222', 'daothib@gmail.com', 'Đang sử dụng', NULL, '30/03/2024 - 3:41 PM', '30/03/2024 - 3:41 PM'),
('ec65b4e0-1b', 'MTV-77f9419d-25', 'Admin', 'Trưởng phòng kế toán', 'lê văn a', 'Kế toán', 'Nam', '66/66 kb nha trang', '0090099999', 'nhok@gmail.com', 'Đang khóa', NULL, '09/04/2024 - 11:06 PM', '09/04/2024 - 11:06 PM');

-- --------------------------------------------------------

--
-- Cấu trúc bảng cho bảng `order_approver`
--

CREATE TABLE `order_approver` (
  `id` varchar(30) NOT NULL,
  `orderApprove` varchar(100) DEFAULT NULL,
  `department` varchar(100) DEFAULT NULL,
  `dateUpdate` text DEFAULT NULL,
  `orderCode` text DEFAULT NULL,
  `datePrint` text DEFAULT NULL,
  `idRequest` text DEFAULT NULL
) ENGINE=InnoDB DEFAULT CHARSET=utf8mb4 COLLATE=utf8mb4_general_ci;

--
-- Đang đổ dữ liệu cho bảng `order_approver`
--

INSERT INTO `order_approver` (`id`, `orderApprove`, `department`, `dateUpdate`, `orderCode`, `datePrint`, `idRequest`) VALUES
('09cbd303-46', 'thanhvienpur', 'Kế toán', '24/04/2024 - 12:21 PM', 'MH-33e74d5a-ad', NULL, 'e1a94692-e2'),
('0ca7732f-d1', 'thanhvienpur', 'Kế toán', '24/04/2024 - 12:17 PM', 'MH-91af8a3f-10', NULL, 'e9b1af3d-e2'),
('12297e22-b1', 'thanhvienpur', 'Kế toán', '24/04/2024 - 12:44 PM', 'MH-6ec217a5-95', NULL, '9cca93e4-e7'),
('13731911-77', 'thanhvienpur', 'Kế toán', '23/04/2024 - 5:49 PM', 'MH-94441f68-ec', NULL, 'df79463f-f8'),
('17f3c5e7-21', 'thanhvienpur', 'Kế toán', '21/04/2024 - 1:36 PM', 'MH-91af8a3f-10', '26/05/2024 - 12:56 PM', 'b189657d-b1'),
('1a19b68e-ab', 'truongphongacc', 'Kế toán', '21/04/2024 - 1:50 PM', 'MH-33e74d5a-ad', '21/04/2024 - 1:52 PM', '9318d8a9-4c'),
('1c540012-17', 'thanhvienpur', 'Kế toán', '21/04/2024 - 1:49 PM', 'MH-33e74d5a-ad', '26/05/2024 - 12:55 PM', '56aedb09-46'),
('234adb89-8a', 'thanhvienpur', 'Kế toán', '24/04/2024 - 1:37 PM', 'MH-bd2232dd-78', NULL, '67abfbd7-6f'),
('436a6cc5-22', 'thanhvienpur', 'Kế toán', '24/04/2024 - 12:28 PM', 'MH-6ec217a5-95', NULL, '85c0dae4-1c'),
('446c00bb-ae', 'truongphongacc', 'Kế toán', '24/04/2024 - 11:27 AM', 'MH-33e74d5a-ad', NULL, '5631da41-4b'),
('4f9aaf08-ad', 'ali', 'Giám đốc điều hành', '21/04/2024 - 1:51 PM', 'MH-91af8a3f-10', '26/05/2024 - 12:55 PM', 'be945763-5d'),
('50af4568-bd', 'ali', 'Giám đốc điều hành', '21/04/2024 - 1:51 PM', 'MH-33e74d5a-ad', '26/05/2024 - 12:55 PM', '56aedb09-46'),
('5e1ed9a3-92', 'thanhvienpur', 'Kế toán', '24/04/2024 - 1:17 PM', 'MH-94441f68-ec', NULL, '829c65e1-75'),
('600300c6-5a', 'truongphongacc', 'Kế toán', '21/04/2024 - 1:50 PM', 'MH-91af8a3f-10', '26/05/2024 - 12:55 PM', 'be945763-5d'),
('6c2c5c5b-e8', 'truongphongkit', 'Bếp', '21/04/2024 - 1:50 PM', 'MH-91af8a3f-10', '26/05/2024 - 12:55 PM', 'be945763-5d'),
('705de1e7-45', 'thanhvienpur', 'Kế toán', '15/05/2024 - 11:42 AM', 'MH-91af8a3f-10', NULL, 'c51eb711-57'),
('735ee35c-fa', 'thanhvienpur', 'Kế toán', '24/04/2024 - 12:21 PM', 'MH-bd2232dd-78', NULL, '61e74087-b3'),
('744f1ccb-c1', 'truongphongkit', 'Bếp', '24/04/2024 - 11:27 AM', 'MH-33e74d5a-ad', NULL, '5631da41-4b'),
('79c924cc-a7', 'ali', 'Giám đốc điều hành', '21/04/2024 - 1:51 PM', 'MH-91af8a3f-10', '26/05/2024 - 12:56 PM', 'b189657d-b1'),
('94d596ce-57', 'truongphongacc', 'Kế toán', '21/04/2024 - 1:50 PM', 'MH-91af8a3f-10', '26/05/2024 - 12:56 PM', 'b189657d-b1'),
('a1ec078b-4c', 'thanhvienpur', 'Kế toán', '24/04/2024 - 1:40 PM', 'MH-33e74d5a-ad', NULL, '786feaae-7f'),
('a734449f-6d', 'thanhvienpur', 'Kế toán', '21/04/2024 - 1:38 PM', 'MH-91af8a3f-10', '26/05/2024 - 12:55 PM', 'be945763-5d'),
('a7a41cde-49', 'truongphongacc', 'Kế toán', '21/04/2024 - 1:50 PM', 'MH-33e74d5a-ad', '26/05/2024 - 12:55 PM', '56aedb09-46'),
('b1c2fa90-ea', 'truongphongkit', 'Bếp', '21/04/2024 - 1:50 PM', 'MH-33e74d5a-ad', '21/04/2024 - 1:52 PM', '9318d8a9-4c'),
('bff9f872-ff', 'ali', 'Giám đốc điều hành', '21/04/2024 - 1:51 PM', 'MH-33e74d5a-ad', '21/04/2024 - 1:52 PM', '9318d8a9-4c'),
('d22d1f85-5e', 'truongphongkit', 'Bếp', '21/04/2024 - 1:50 PM', 'MH-91af8a3f-10', '26/05/2024 - 12:56 PM', 'b189657d-b1'),
('d570d573-4b', 'thanhvienpur', 'Kế toán', '24/04/2024 - 1:41 PM', 'MH-6ec217a5-95', NULL, '12e306d2-c6'),
('dfd134b5-77', 'thanhvienpur', 'Kế toán', '24/04/2024 - 11:26 AM', 'MH-33e74d5a-ad', NULL, '5631da41-4b'),
('ec6959ae-57', 'ali', 'Giám đốc điều hành', '24/04/2024 - 11:29 AM', 'MH-33e74d5a-ad', NULL, '5631da41-4b'),
('fd781446-b8', 'truongphongkit', 'Bếp', '21/04/2024 - 1:50 PM', 'MH-33e74d5a-ad', '26/05/2024 - 12:55 PM', '56aedb09-46'),
('fde47417-38', 'thanhvienpur', 'Kế toán', '21/04/2024 - 1:36 PM', 'MH-33e74d5a-ad', '21/04/2024 - 1:52 PM', '9318d8a9-4c');

-- --------------------------------------------------------

--
-- Cấu trúc bảng cho bảng `order_save`
--

CREATE TABLE `order_save` (
  `id` varchar(30) CHARACTER SET utf8mb4 COLLATE utf8mb4_bin NOT NULL,
  `saveCode` varchar(100) NOT NULL,
  `warehouseAreaName` text DEFAULT NULL,
  `savePermission` varchar(100) DEFAULT NULL,
  `saveUserName` text DEFAULT NULL,
  `idSave` varchar(30) DEFAULT NULL,
  `orderCode` varchar(100) NOT NULL,
  `orderMaker` text DEFAULT NULL,
  `orderApprove` text DEFAULT NULL,
  `orderPointApprove` text DEFAULT NULL,
  `orderName` text DEFAULT NULL,
  `orderNotes` text DEFAULT NULL,
  `unitPrice` int(11) DEFAULT NULL,
  `amount` int(11) DEFAULT NULL,
  `intoMoney` bigint(20) DEFAULT NULL,
  `unit` text DEFAULT NULL,
  `statusOrder` text DEFAULT NULL,
  `department` text DEFAULT NULL,
  `orderReason` text DEFAULT NULL,
  `dateCreated` text DEFAULT NULL,
  `dateUpdate` text DEFAULT NULL
) ENGINE=InnoDB DEFAULT CHARSET=utf8mb4 COLLATE=utf8mb4_general_ci;

-- --------------------------------------------------------

--
-- Cấu trúc bảng cho bảng `request_history`
--

CREATE TABLE `request_history` (
  `idHistory` varchar(30) NOT NULL,
  `idRequests` text DEFAULT NULL,
  `dateCreated` text DEFAULT NULL
) ENGINE=InnoDB DEFAULT CHARSET=utf8mb4 COLLATE=utf8mb4_general_ci;

--
-- Đang đổ dữ liệu cho bảng `request_history`
--

INSERT INTO `request_history` (`idHistory`, `idRequests`, `dateCreated`) VALUES
('5765d9e6-ca', 'b189657d-b1', '26/05/2024 - 12:56 PM'),
('6dccc34f-4a', 'be945763-5d,56aedb09-46', '26/05/2024 - 12:55 PM');

-- --------------------------------------------------------

--
-- Cấu trúc bảng cho bảng `request_list`
--

CREATE TABLE `request_list` (
  `id` varchar(30) NOT NULL,
  `orderSupplierName` text DEFAULT NULL,
  `warehouseAreaName` text DEFAULT NULL,
  `orderCode` varchar(100) NOT NULL,
  `orderMaker` varchar(200) DEFAULT NULL,
  `orderApprove` varchar(200) DEFAULT NULL,
  `orderPointApprove` varchar(100) DEFAULT NULL,
  `orderName` varchar(300) DEFAULT NULL,
  `orderNotes` text DEFAULT NULL,
  `unitPrice` text DEFAULT NULL,
  `amount` text DEFAULT NULL,
  `intoMoney` text DEFAULT NULL,
  `unit` varchar(100) DEFAULT NULL,
  `statusOrder` varchar(100) DEFAULT NULL,
  `department` varchar(300) DEFAULT NULL,
  `orderReason` text DEFAULT NULL,
  `idHistory` varchar(30) DEFAULT NULL,
  `dateCreated` text DEFAULT NULL,
  `dateUpdate` text DEFAULT NULL,
  `orderComplete` varchar(10) DEFAULT NULL
) ENGINE=InnoDB DEFAULT CHARSET=utf8mb4 COLLATE=utf8mb4_general_ci;

--
-- Đang đổ dữ liệu cho bảng `request_list`
--

INSERT INTO `request_list` (`id`, `orderSupplierName`, `warehouseAreaName`, `orderCode`, `orderMaker`, `orderApprove`, `orderPointApprove`, `orderName`, `orderNotes`, `unitPrice`, `amount`, `intoMoney`, `unit`, `statusOrder`, `department`, `orderReason`, `idHistory`, `dateCreated`, `dateUpdate`, `orderComplete`) VALUES
('12e306d2-c6', 'NCC_C', 'kho 3', 'MH-6ec217a5-95', 'thanhvienfb', 'PUR,DA,CA,CEO', '1,0,0,0', 'Chổi', NULL, '20000', '33', '660000', 'cái', 'Chờ duyệt', 'Nhà hàng', '', NULL, '24/04/2024 - 12:15 PM', '24/04/2024 - 1:41 PM', '0'),
('5631da41-4b', '', 'kho 1', 'MH-33e74d5a-ad', 'thanhvienkit', 'PUR,DA,CA,CEO', '1,1,1,-1', 'Bột mì', 'hhhh', '52000', '33', '1716000', 'kg', 'Từ chối', 'Bếp', 'gf', NULL, '21/04/2024 - 1:25 PM', '24/04/2024 - 1:41 PM', '0'),
('56aedb09-46', 'NCC_H', 'kho 1', 'MH-33e74d5a-ad', 'thanhvienkit', 'PUR,DA,CA,CEO', '1,1,1,1', 'Bột mì', NULL, '51000', '88', '4488000', 'kg', 'Đã duyệt', 'Bếp', '', '6dccc34f-4a', '21/04/2024 - 1:25 PM', '21/04/2024 - 1:51 PM', '2'),
('61e74087-b3', 'NCC_H', 'kho 3', 'MH-bd2232dd-78', 'thanhvienkit', 'PUR,DA,CA,CEO', '1,0,0,0', 'Nước ngọt coca', 'hhh', '220000', '77', '16940000', 'thùng', 'Chờ duyệt', 'Bếp', '', NULL, '24/04/2024 - 12:15 PM', '24/04/2024 - 12:21 PM', '0'),
('67abfbd7-6f', 'NCC_H', 'kho 3', 'MH-bd2232dd-78', 'thanhvienfb', 'PUR,DA,CA,CEO', '1,0,0,0', 'Nước ngọt coca', 'ff', '220000', '23', '5060000', 'thùng', 'Chờ duyệt', 'Nhà hàng', '', NULL, '24/04/2024 - 12:15 PM', '24/04/2024 - 1:37 PM', '0'),
('786feaae-7f', 'NCC_O', 'kho 1', 'MH-33e74d5a-ad', 'thanhvienfb', 'PUR,DA,CA,CEO', '1,0,0,0', 'Bột mì', 'f', '77777', '34', '2644418', 'kg', 'Chờ duyệt', 'Nhà hàng', '', NULL, '21/04/2024 - 1:25 PM', '24/04/2024 - 1:40 PM', '0'),
('7b33077e-c5', NULL, 'kho 1', 'MH-33e74d5a-ad', 'thanhvienfb', 'PUR,DA,CA,CEO', '0,0,0,0', 'Bột mì', NULL, '51000', '22', '1122000', 'kg', 'Chờ duyệt', 'Nhà hàng', NULL, NULL, '21/04/2024 - 1:25 PM', '24/04/2024 - 1:40 PM', '0'),
('829c65e1-75', 'NCC_H', 'kho 5', 'MH-94441f68-ec', 'thanhvienkit', 'PUR,DA,CA,CEO', '1,0,0,0', 'Ly rượu', 'hhh', '11000', '55', '605000', 'cái', 'Chờ duyệt', 'Bếp', '', NULL, '23/04/2024 - 5:48 PM', '24/04/2024 - 1:17 PM', '0'),
('85c0dae4-1c', 'NCC_H', 'kho 3', 'MH-6ec217a5-95', 'thanhvienkit', 'PUR,DA,CA,CEO', '1,0,0,0', 'Chổi', 'kk', '20000', '22', '440000', 'cái', 'Chờ duyệt', 'Bếp', '', NULL, '24/04/2024 - 12:15 PM', '24/04/2024 - 12:28 PM', '0'),
('9318d8a9-4c', 'NCC_O', 'kho 1', 'MH-33e74d5a-ad', 'thanhvienkit', 'PUR,DA,CA,CEO', '1,1,1,1', 'Bột mì', 'vv', '51000', '111', '5661000', 'kg', 'Đã duyệt', 'Bếp', '', NULL, '21/04/2024 - 1:25 PM', '21/04/2024 - 1:51 PM', '3'),
('9cca93e4-e7', 'NCC_H', 'kho 3', 'MH-6ec217a5-95', 'thanhvienfb', 'PUR,DA,CA,CEO', '1,0,0,0', 'Chổi', 'jj', '20000', '55', '1100000', 'cái', 'Chờ duyệt', 'Nhà hàng', '', NULL, '24/04/2024 - 12:15 PM', '24/04/2024 - 12:44 PM', '0'),
('b189657d-b1', 'NCC_H', 'kho 1', 'MH-91af8a3f-10', 'thanhvienkit', 'PUR,DA,CA,CEO', '1,1,1,1', 'Thịt lợn', 'bbb', '25000', '999', '24975000', 'kg', 'Đã duyệt', 'Bếp', '', '5765d9e6-ca', '21/04/2024 - 1:25 PM', '21/04/2024 - 1:51 PM', '2'),
('be945763-5d', 'NCC_O', 'kho 1', 'MH-91af8a3f-10', 'thanhvienkit', 'PUR,DA,CA,CEO', '1,1,1,1', 'Thịt lợn', NULL, '25000', '77', '1925000', 'kg', 'Đã duyệt', 'Bếp', '', '6dccc34f-4a', '21/04/2024 - 1:25 PM', '21/04/2024 - 1:51 PM', '2'),
('c51eb711-57', 'NCC_O', 'kho 1', 'MH-91af8a3f-10', 'thanhvienfb', 'PUR,DA,CA,CEO', '1,0,0,0', 'Thịt lợn', NULL, '25000', '555', '13875000', 'kg', 'Chờ duyệt', 'Nhà hàng', '', NULL, '21/04/2024 - 1:25 PM', '15/05/2024 - 11:42 AM', '0'),
('df79463f-f8', 'NCC_H', 'kho 5', 'MH-94441f68-ec', 'thanhvienfb', 'PUR,DA,CA,CEO', '1,0,0,0', 'Ly rượu', NULL, '11000', '223', '2453000', 'cái', 'Chờ duyệt', 'Nhà hàng', '', NULL, '23/04/2024 - 5:48 PM', '23/04/2024 - 5:49 PM', '0'),
('e1a94692-e2', 'NCC_I', 'kho 1', 'MH-33e74d5a-ad', 'thanhvienkit', 'PUR,DA,CA,CEO', '1,0,0,0', 'Bột mì', NULL, '51000', '55', '2805000', 'kg', 'Chờ duyệt', 'Bếp', '', NULL, '21/04/2024 - 1:25 PM', '24/04/2024 - 12:21 PM', '0'),
('e9b1af3d-e2', 'NCC_I', 'kho 1', 'MH-91af8a3f-10', 'thanhvienkit', 'PUR,DA,CA,CEO', '1,0,0,0', 'Thịt lợn', 'ggg', '28000', '55', '1540000', 'kg', 'Chờ duyệt', 'Bếp', '', NULL, '21/04/2024 - 1:25 PM', '24/04/2024 - 12:17 PM', '0');

-- --------------------------------------------------------

--
-- Cấu trúc bảng cho bảng `request_transfer_export`
--

CREATE TABLE `request_transfer_export` (
  `id` varchar(30) NOT NULL,
  `warehouseCode` text DEFAULT NULL,
  `warehouseItemsCode` text DEFAULT NULL,
  `requestTransferFromWarehouse` text DEFAULT NULL,
  `requestTransferToWarehouse` text DEFAULT NULL,
  `requestTransferMaker` text DEFAULT NULL,
  `requestTransferApprove` text DEFAULT NULL,
  `requestTransferPointApprove` text DEFAULT NULL,
  `requestTransferDepartment` text DEFAULT NULL,
  `requestTransferNotes` text DEFAULT NULL,
  `requestTransferItemsName` text DEFAULT NULL,
  `requestTransferUnit` text DEFAULT NULL,
  `requestTransferAmount` text DEFAULT NULL,
  `requestTransferAmountApproved` text DEFAULT NULL,
  `requestTransferTotalAmountExport` text DEFAULT NULL,
  `requestTransferAmountExport` text DEFAULT NULL,
  `requestTransferWarehouseResidual` text DEFAULT NULL,
  `requestTransferUnitPrice` text DEFAULT NULL,
  `requestTransferIntoMoney` text DEFAULT NULL,
  `requestTransferStatus` text DEFAULT NULL,
  `requestDateCreated` text DEFAULT NULL,
  `requestDateUpdate` text DEFAULT NULL,
  `requestDateVouchers` text DEFAULT NULL,
  `requestTransferReason` text DEFAULT NULL,
  `requestIdHistory` varchar(30) DEFAULT NULL,
  `requestTransferPending` text DEFAULT NULL,
  `requestTransferComplete` text DEFAULT NULL
) ENGINE=InnoDB DEFAULT CHARSET=utf8mb4 COLLATE=utf8mb4_general_ci;

--
-- Đang đổ dữ liệu cho bảng `request_transfer_export`
--

INSERT INTO `request_transfer_export` (`id`, `warehouseCode`, `warehouseItemsCode`, `requestTransferFromWarehouse`, `requestTransferToWarehouse`, `requestTransferMaker`, `requestTransferApprove`, `requestTransferPointApprove`, `requestTransferDepartment`, `requestTransferNotes`, `requestTransferItemsName`, `requestTransferUnit`, `requestTransferAmount`, `requestTransferAmountApproved`, `requestTransferTotalAmountExport`, `requestTransferAmountExport`, `requestTransferWarehouseResidual`, `requestTransferUnitPrice`, `requestTransferIntoMoney`, `requestTransferStatus`, `requestDateCreated`, `requestDateUpdate`, `requestDateVouchers`, `requestTransferReason`, `requestIdHistory`, `requestTransferPending`, `requestTransferComplete`) VALUES
('7738970a-39', 'MK-ac2e2d3d-e6', 'MH-94441f68-ec', 'kho 5', 'kho 1', 'thanhvienfb', 'DA,CA', '1,1', 'Nhà hàng', NULL, 'Ly rượu', 'cái', '55', '55', NULL, NULL, '0', '10000', '550000', 'Đã duyệt', '11/05/2024 - 9:13 PM', '11/05/2024 - 10:08 PM', NULL, '', NULL, NULL, '1'),
('8a161236-fc', 'MK-271f5589-7b', 'MH-33e74d5a-ad', 'kho 1', 'kho 3', 'thanhvienkit', 'DA,CA', '1,1', 'Bếp', 'gg', 'Bột mì', 'kg', '50', '50', '25', '25', '86', '51000', '1275000', 'Đã duyệt', '05/05/2024 - 1:06 AM', '28/05/2024 - 12:04 AM', NULL, '', '67e19f85-d9', NULL, '2');

-- --------------------------------------------------------

--
-- Cấu trúc bảng cho bảng `request_transfer_history`
--

CREATE TABLE `request_transfer_history` (
  `idHistory` varchar(30) NOT NULL,
  `idRequestTransfers` text DEFAULT NULL,
  `caseRequest` varchar(30) DEFAULT NULL,
  `dateCreated` text DEFAULT NULL
) ENGINE=InnoDB DEFAULT CHARSET=utf8mb4 COLLATE=utf8mb4_general_ci;

--
-- Đang đổ dữ liệu cho bảng `request_transfer_history`
--

INSERT INTO `request_transfer_history` (`idHistory`, `idRequestTransfers`, `caseRequest`, `dateCreated`) VALUES
('67e19f85-d9', '8a161236-fc', '1', '28/05/2024 - 12:04 AM');

-- --------------------------------------------------------

--
-- Cấu trúc bảng cho bảng `supplier`
--

CREATE TABLE `supplier` (
  `id` varchar(30) NOT NULL,
  `supplierName` text DEFAULT NULL,
  `supplierNumberPhone` text DEFAULT NULL,
  `supplierEmail` text DEFAULT NULL,
  `supplierAddress` text DEFAULT NULL,
  `supplierCompany` text DEFAULT NULL,
  `supplierDateCreated` text DEFAULT NULL,
  `supplierDateUpdate` text DEFAULT NULL,
  `supplierStatus` text DEFAULT NULL,
  `supplierTotalPurchasePrice` text DEFAULT NULL,
  `supplierTotalLiabilities` text DEFAULT NULL,
  `supplierNameBank` text DEFAULT NULL,
  `supplierAccountBank` text DEFAULT NULL,
  `supplierTaxCode` text DEFAULT NULL
) ENGINE=InnoDB DEFAULT CHARSET=utf8mb4 COLLATE=utf8mb4_general_ci;

--
-- Đang đổ dữ liệu cho bảng `supplier`
--

INSERT INTO `supplier` (`id`, `supplierName`, `supplierNumberPhone`, `supplierEmail`, `supplierAddress`, `supplierCompany`, `supplierDateCreated`, `supplierDateUpdate`, `supplierStatus`, `supplierTotalPurchasePrice`, `supplierTotalLiabilities`, `supplierNameBank`, `supplierAccountBank`, `supplierTaxCode`) VALUES
('003f1ba0-1b', 'NCC_I', '09887833', 'sddf5@gmail.com', 'ádad tt ff', 'IIIII', '15/04/2024 - 8:47 PM', '15/04/2024 - 8:47 PM', 'Đang sử dụng', NULL, NULL, NULL, NULL, NULL),
('044b0abe-eb', 'NCC_H', '09987887676', 'sda@gmail.com', 'gsg NT', 'HHHHHH', '15/04/2024 - 8:46 PM', '15/04/2024 - 8:46 PM', 'Đang sử dụng', NULL, NULL, NULL, NULL, NULL),
('0c00275a-a2', 'NCC_O', '099878877', 'jkki6@gmail.com', 'sdsd áda', 'OOOOO', '15/04/2024 - 8:46 PM', '15/04/2024 - 8:46 PM', 'Đang sử dụng', NULL, NULL, NULL, NULL, NULL),
('0c049c9a-53', 'NCC_C', '0569549645', 'fsdfds@gmail.com', 'aasd á nha trang', 'CCCC', '15/04/2024 - 8:44 PM', '15/04/2024 - 8:44 PM', 'Đang sử dụng', NULL, NULL, NULL, NULL, NULL),
('17eab118-00', 'NCC_U', '0909988773', 'ffsd@gmail.com', '45ff BB', 'UUUU', '15/04/2024 - 8:47 PM', '15/04/2024 - 8:47 PM', 'Đang sử dụng', NULL, NULL, NULL, NULL, NULL),
('1c318ed7-57', 'NCC_G', '09887667567', 'asdaaa@gmail.com', 'dakkk jjjj', 'GGGG', '15/04/2024 - 8:45 PM', '15/04/2024 - 8:45 PM', 'Đang sử dụng', NULL, NULL, NULL, NULL, NULL),
('3c980a7a-a8', 'NCC_D', '0978675645443', 'asdad@gmail.com', 'áda dasgr ', 'DDDDD', '15/04/2024 - 8:44 PM', '15/04/2024 - 8:44 PM', 'Đang sử dụng', NULL, NULL, NULL, NULL, NULL),
('4928551d-eb', 'NCC_F', '0987656789', 'fdsf4@gmail.com', 'ád676f', 'FFFFFF', '15/04/2024 - 8:45 PM', '15/04/2024 - 8:45 PM', 'Đang sử dụng', NULL, NULL, NULL, NULL, NULL),
('7918e223-c9', 'NCC_A', '7875765655', '32das@mgailc.om', 'asda ẻ', 'AAAA', '15/04/2024 - 8:42 PM', '15/04/2024 - 8:42 PM', 'Đang sử dụng', NULL, NULL, NULL, NULL, NULL),
('83f04f03-ec', 'NCC_fsfd', '0987876523', 'nhnhfsf@gmail.com', 'asdasd3/ sdasdsd', 'PPOP', '15/04/2024 - 6:25 PM', '15/04/2024 - 6:38 PM', 'Đang sử dụng', NULL, NULL, NULL, NULL, NULL),
('98ea4cc4-4f', 'NCC_B', '454533', 'nhnh@gmail.com', 'asfg5 khan', 'BBBBB', '15/04/2024 - 8:43 PM', '15/04/2024 - 8:43 PM', 'Đang sử dụng', NULL, NULL, NULL, NULL, NULL),
('e87230a8-07', 'NCC_E', '09876545678', 'asda@gmail.com', 'ádasd fdf67676', 'EEEEEE', '15/04/2024 - 8:44 PM', '15/04/2024 - 8:44 PM', 'Đang sử dụng', NULL, NULL, NULL, NULL, NULL);

-- --------------------------------------------------------

--
-- Cấu trúc bảng cho bảng `transfer_export_approver`
--

CREATE TABLE `transfer_export_approver` (
  `id` varchar(30) NOT NULL,
  `requestTransferMaker` text DEFAULT NULL,
  `requestTransferDepartment` text DEFAULT NULL,
  `requestDateUpdate` text DEFAULT NULL,
  `warehouseItemsCode` text DEFAULT NULL,
  `datePrint` text DEFAULT NULL,
  `idRequest` varchar(30) DEFAULT NULL
) ENGINE=InnoDB DEFAULT CHARSET=utf8mb4 COLLATE=utf8mb4_general_ci;

--
-- Đang đổ dữ liệu cho bảng `transfer_export_approver`
--

INSERT INTO `transfer_export_approver` (`id`, `requestTransferMaker`, `requestTransferDepartment`, `requestDateUpdate`, `warehouseItemsCode`, `datePrint`, `idRequest`) VALUES
('30603bf4-3b', 'truongphongfb', 'Nhà hàng', '11/05/2024 - 10:07 PM', 'MH-94441f68-ec', NULL, '7738970a-39'),
('658d979d-dd', 'truongphongkit', 'Bếp', '27/05/2024 - 11:21 PM', 'MH-33e74d5a-ad', '28/05/2024 - 12:04 AM', '8a161236-fc'),
('93vd979d-dd', 'truongphongacc', 'Kế toán', '27/05/2024 - 11:25 PM', 'MH-33e74d5a-ad', '28/05/2024 - 12:04 AM', '8a161236-fc'),
('98435a91-67', 'truongphongacc', 'Kế toán', '11/05/2024 - 10:08 PM', 'MH-94441f68-ec', NULL, '7738970a-39');

-- --------------------------------------------------------

--
-- Cấu trúc bảng cho bảng `warehouse`
--

CREATE TABLE `warehouse` (
  `id` varchar(30) NOT NULL,
  `warehouseCode` varchar(100) NOT NULL,
  `warehouseType` text DEFAULT NULL,
  `warehouseItemsCode` text DEFAULT NULL,
  `warehouseItemsName` text DEFAULT NULL,
  `warehouseAreaName` text DEFAULT NULL,
  `warehouseItemsCommodities` text DEFAULT NULL,
  `warehouseUnitPrice` text DEFAULT NULL,
  `warehouseResidual` text DEFAULT NULL,
  `warehouseUnit` text DEFAULT NULL,
  `warehouseExpectedOut` text DEFAULT NULL,
  `warehouseQuotaMin` text DEFAULT NULL,
  `warehouseQuotaMax` text DEFAULT NULL,
  `warehouseStatus` varchar(100) DEFAULT NULL,
  `warehouseDateCreated` text DEFAULT NULL,
  `warehouseDateUpdate` text DEFAULT NULL,
  `intoWarehouseCode` text DEFAULT NULL,
  `intoWarehouseDate` text DEFAULT NULL,
  `exportWarehouseCode` text DEFAULT NULL,
  `exportWarehouseDate` text DEFAULT NULL
) ENGINE=InnoDB DEFAULT CHARSET=utf8mb4 COLLATE=utf8mb4_general_ci;

--
-- Đang đổ dữ liệu cho bảng `warehouse`
--

INSERT INTO `warehouse` (`id`, `warehouseCode`, `warehouseType`, `warehouseItemsCode`, `warehouseItemsName`, `warehouseAreaName`, `warehouseItemsCommodities`, `warehouseUnitPrice`, `warehouseResidual`, `warehouseUnit`, `warehouseExpectedOut`, `warehouseQuotaMin`, `warehouseQuotaMax`, `warehouseStatus`, `warehouseDateCreated`, `warehouseDateUpdate`, `intoWarehouseCode`, `intoWarehouseDate`, `exportWarehouseCode`, `exportWarehouseDate`) VALUES
('1cdc1bb7-d9', 'MK-7bf3b067-55', NULL, 'MH-6ec217a5-95', 'Chổi', 'kho 3', 'Vật tư', '20000', '0', 'cái', '0', '0', '200', 'Không dùng', '19/04/2024 - 1:16 PM', '23/04/2024 - 12:36 PM', NULL, NULL, NULL, NULL),
('4c711422-e6', 'MK-271f5589-7b', 'fdf56', 'MH-33e74d5a-ad', 'Bột mì', 'kho 1', 'Hàng tiêu dùng', '51000', '86', 'kg', '0', '0', '200', 'Đang sử dụng', '19/04/2024 - 1:15 PM', '28/05/2024 - 12:04 AM', '9318d8a9-4c', '21/04/2024 - 2:25 PM', NULL, '28/05/2024 - 12:04 AM'),
('68543df0-cd', 'MK-ac2e2d3d-e6', NULL, 'MH-94441f68-ec', 'Ly rượu', 'kho 5', 'Vật tư', '10000', '0', 'cái', '0', '0', '200', 'Hàng mới', '20/04/2024 - 10:26 AM', NULL, NULL, NULL, NULL, NULL),
('a99e2d68-6f', 'MK-7bf3b067-55', NULL, 'MH-bd2232dd-78', 'Nước ngọt coca', 'kho 3', 'Hàng tiêu dùng', '220000', '0', 'thùng', '0', '0', '20', 'Hàng mới', '19/04/2024 - 1:04 PM', NULL, NULL, NULL, NULL, NULL),
('b34bdc60-fc', 'MK-77a327a5-ee', NULL, 'MH-1fa2d48e-7e', 'Ly cao', 'kho 4', 'Vật tư', '4000', '0', 'cái', '0', '0', '200', 'Hàng mới', '19/04/2024 - 1:17 PM', NULL, NULL, NULL, NULL, NULL),
('bfce0a20-77', 'MK-271f5589-7b', NULL, 'MH-91af8a3f-10', 'Thịt lợn', 'kho 1', 'Hàng tiêu dùng', '25000', '0', 'kg', '0', '0', '200', 'Hàng mới', '19/04/2024 - 12:39 PM', '21/04/2024 - 3:04 PM', NULL, NULL, NULL, NULL);

--
-- Chỉ mục cho các bảng đã đổ
--

--
-- Chỉ mục cho bảng `account`
--
ALTER TABLE `account`
  ADD PRIMARY KEY (`id`);

--
-- Chỉ mục cho bảng `document`
--
ALTER TABLE `document`
  ADD PRIMARY KEY (`id`);

--
-- Chỉ mục cho bảng `into_warehouse`
--
ALTER TABLE `into_warehouse`
  ADD PRIMARY KEY (`id`);

--
-- Chỉ mục cho bảng `items`
--
ALTER TABLE `items`
  ADD PRIMARY KEY (`id`);

--
-- Chỉ mục cho bảng `member`
--
ALTER TABLE `member`
  ADD PRIMARY KEY (`id`);

--
-- Chỉ mục cho bảng `order_approver`
--
ALTER TABLE `order_approver`
  ADD PRIMARY KEY (`id`);

--
-- Chỉ mục cho bảng `order_save`
--
ALTER TABLE `order_save`
  ADD PRIMARY KEY (`id`);

--
-- Chỉ mục cho bảng `request_history`
--
ALTER TABLE `request_history`
  ADD PRIMARY KEY (`idHistory`);

--
-- Chỉ mục cho bảng `request_list`
--
ALTER TABLE `request_list`
  ADD PRIMARY KEY (`id`);

--
-- Chỉ mục cho bảng `request_transfer_export`
--
ALTER TABLE `request_transfer_export`
  ADD PRIMARY KEY (`id`);

--
-- Chỉ mục cho bảng `request_transfer_history`
--
ALTER TABLE `request_transfer_history`
  ADD PRIMARY KEY (`idHistory`);

--
-- Chỉ mục cho bảng `supplier`
--
ALTER TABLE `supplier`
  ADD PRIMARY KEY (`id`);

--
-- Chỉ mục cho bảng `transfer_export_approver`
--
ALTER TABLE `transfer_export_approver`
  ADD PRIMARY KEY (`id`);

--
-- Chỉ mục cho bảng `warehouse`
--
ALTER TABLE `warehouse`
  ADD PRIMARY KEY (`id`);
COMMIT;

/*!40101 SET CHARACTER_SET_CLIENT=@OLD_CHARACTER_SET_CLIENT */;
/*!40101 SET CHARACTER_SET_RESULTS=@OLD_CHARACTER_SET_RESULTS */;
/*!40101 SET COLLATION_CONNECTION=@OLD_COLLATION_CONNECTION */;
